[
  {
    "id": "1db857a7",
    "settings": { "structure": "22" },
    "elements": [
      {
        "id": "bb6369",
        "settings": { "_column_size": 66, "_inline_size": null },
        "elements": [
          {
            "id": "7f1e1d86",
            "settings": {
              "grid_height": 405,
              "block_extra_classes": "ak-block-module-thumb-round"
            },
            "elements": [],
            "isInner": false,
            "widgetType": "newsy_slider_4",
            "elType": "widget"
          }
        ],
        "isInner": false,
        "elType": "column"
      },
      {
        "id": "5e5a8876",
        "settings": { "_column_size": 33, "_inline_size": null },
        "elements": [
          {
            "id": "3fad4636",
            "settings": {
              "header_style": "style-14",
              "block_accent_color": "#FD4F18",
              "count": 4,
              "offset": 10,
              "tabs": "order_filter",
              "tabs_order_by_filter": "latest,comment_count,popular",
              "tabs_all_text": "All"
            },
            "elements": [],
            "isInner": false,
            "widgetType": "newsy_list_1_small",
            "elType": "widget"
          }
        ],
        "isInner": false,
        "elType": "column"
      }
    ],
    "isInner": false,
    "elType": "section"
  },
  {
    "id": "30e539d1",
    "settings": {
      "margin": {
        "unit": "px",
        "top": "20",
        "right": 0,
        "bottom": "20",
        "left": 0,
        "isLinked": true
      }
    },
    "elements": [
      {
        "id": "691b73a6",
        "settings": { "_column_size": 100, "_inline_size": null },
        "elements": [
          {
            "id": "42331c76",
            "settings": {
              "type": "image",
              "image": "%%ak-ad-970x90%%",
              "image_link": "#"
            },
            "elements": [],
            "isInner": false,
            "widgetType": "newsy_ad",
            "elType": "widget"
          }
        ],
        "isInner": false,
        "elType": "column"
      }
    ],
    "isInner": false,
    "elType": "section"
  },
  {
    "id": "cf4a411",
    "settings": {
      "margin": {
        "unit": "px",
        "top": "0",
        "right": 0,
        "bottom": "30",
        "left": 0,
        "isLinked": false
      }
    },
    "elements": [
      {
        "id": "1747a7d4",
        "settings": { "_column_size": 100, "_inline_size": null },
        "elements": [
          {
            "id": "4ee27918",
            "settings": {
              "title": "Featured News",
              "count": 6,
              "order_by": "random",
              "tabs_all_text": "All",
              "custom_enabled": "yes",
              "custom_parts_-_show_excerpt": "hide",
              "custom_parts_-_show_meta": "hide",
              "block_extra_classes": "ak-block-module-thumb-round"
            },
            "elements": [],
            "isInner": false,
            "widgetType": "newsy_list_3",
            "elType": "widget"
          }
        ],
        "isInner": false,
        "elType": "column"
      }
    ],
    "isInner": false,
    "elType": "section"
  },
  {
    "id": "67ef90c8",
    "settings": {
      "background_background": "classic",
      "background_color": "#4747470A",
      "margin": {
        "unit": "px",
        "top": "0",
        "right": 0,
        "bottom": "30",
        "left": 0,
        "isLinked": false
      }
    },
    "elements": [
      {
        "id": "387cc27a",
        "settings": { "_column_size": 100, "_inline_size": null },
        "elements": [
          {
            "id": "1ec6c1f",
            "settings": {
              "_padding": {
                "unit": "px",
                "top": "20",
                "right": "0",
                "bottom": "20",
                "left": "0",
                "isLinked": false
              },
              "_background_background": "classic",
              "_background_color": "#4747470A",
              "_background_hover_bg_width_mobile": {
                "unit": "em",
                "size": "",
                "sizes": []
              }
            },
            "elements": [],
            "isInner": false,
            "widgetType": "newsy_video_playlist",
            "elType": "widget"
          }
        ],
        "isInner": false,
        "elType": "column"
      }
    ],
    "isInner": false,
    "elType": "section"
  },
  {
    "id": "51b95bb9",
    "settings": {
      "gap": "extended",
      "height": "min-height",
      "column_position": "top",
      "structure": "22"
    },
    "elements": [
      {
        "id": "4adae31a",
        "settings": { "_column_size": 66, "_inline_size": null },
        "elements": [
          {
            "id": "1b6ae30f",
            "settings": {
              "title": "Latest News",
              "count": 10,
              "pagination": "load_more",
              "tabs_all_text": "All",
              "block_extra_classes": "ak-block-module-thumb-round"
            },
            "elements": [],
            "isInner": false,
            "widgetType": "newsy_list_1_medium",
            "elType": "widget"
          }
        ],
        "isInner": false,
        "elType": "column"
      },
      {
        "id": "701db947",
        "settings": {
          "_column_size": 33,
          "_inline_size": null,
          "css_classes": "sticky-column"
        },
        "elements": [
          {
            "id": "997d07f",
            "settings": { "sidebar": "primary-sidebar" },
            "elements": [],
            "isInner": false,
            "widgetType": "sidebar",
            "elType": "widget"
          }
        ],
        "isInner": false,
        "elType": "column"
      }
    ],
    "isInner": false,
    "elType": "section"
  }
]
