[
  {
    "id": "16e31ed2",
    "settings": {
      "content_width": { "unit": "px", "size": 1400, "sizes": [] }
    },
    "elements": [
      {
        "id": "6ed8350d",
        "settings": { "_column_size": 100, "_inline_size": null },
        "elements": [
          {
            "id": "ea0fb2",
            "settings": {
              "count": 4,
              "tabs_all_text": "All",
              "custom_enabled": "yes",
              "custom_parts_-_title_length": 50,
              "custom_parts_-_show_excerpt": "hide",
              "custom_parts_-_show_author_icon": "hide",
              "custom_parts_-_show_author": "hide",
              "custom_parts_-_show_comment_count": "hide",
              "custom_parts_-_show_share_count": "hide",
              "custom_parts_-_show_view_count": "hide",
              "custom_parts_-_show_category_type": "badge",
              "block_width": "4",
              "block_extra_classes": "ak-block-module-center-elements"
            },
            "elements": [],
            "isInner": false,
            "widgetType": "newsy_list_2_wide",
            "elType": "widget"
          },
          {
            "id": "60704c28",
            "settings": {
              "space": { "unit": "px", "size": 30, "sizes": [] }
            },
            "elements": [],
            "isInner": false,
            "widgetType": "spacer",
            "elType": "widget"
          }
        ],
        "isInner": false,
        "elType": "column"
      }
    ],
    "isInner": false,
    "elType": "section"
  },
  {
    "id": "6f563077",
    "settings": {
      "content_width": { "unit": "px", "size": 1400, "sizes": [] },
      "structure": "32"
    },
    "elements": [
      {
        "id": "286a71f",
        "settings": { "_column_size": 50, "_inline_size": 55 },
        "elements": [
          {
            "id": "d6b8259",
            "settings": {
              "offset": 4,
              "pagination": "infinity_load_more",
              "infinity_break_count": 5,
              "tabs_all_text": "All",
              "block_extra_classes": "ak-block-module-center-elements"
            },
            "elements": [],
            "isInner": false,
            "widgetType": "newsy_list_13",
            "elType": "widget"
          }
        ],
        "isInner": false,
        "elType": "column"
      },
      {
        "id": "1fe84367",
        "settings": {
          "_column_size": 25,
          "_inline_size": 30,
          "hide_mobile": "hidden-mobile"
        },
        "elements": [
          {
            "id": "2d9cd89",
            "settings": { "sidebar": "primary-sidebar" },
            "elements": [],
            "isInner": false,
            "widgetType": "sidebar",
            "elType": "widget"
          }
        ],
        "isInner": false,
        "elType": "column"
      },
      {
        "id": "6d3e6115",
        "settings": {
          "_column_size": 25,
          "_inline_size": 15,
          "hide_tablet": "hidden-tablet",
          "hide_mobile": "hidden-mobile"
        },
        "elements": [
          {
            "id": "1d6e3d9f",
            "settings": { "sidebar": "secondary-sidebar" },
            "elements": [],
            "isInner": false,
            "widgetType": "sidebar",
            "elType": "widget"
          }
        ],
        "isInner": false,
        "elType": "column"
      }
    ],
    "isInner": false,
    "elType": "section"
  }
]
