[
  {
    "id": "663793e5",
    "settings": {
      "layout": "full_width",
      "gap": "extended",
      "margin": {
        "unit": "px",
        "top": "-30",
        "right": 0,
        "bottom": "0",
        "left": 0,
        "isLinked": false
      }
    },
    "elements": [
      {
        "id": "24c1f15",
        "settings": { "_column_size": 100, "_inline_size": null },
        "elements": [
          {
            "id": "5f15833c",
            "settings": {
              "count": 20,
              "pagination": "load_more",
              "tabs_all_text": "All",
              "block_width": "5",
              "block_extra_classes": "ak-block-module-inner-boxed"
            },
            "elements": [],
            "isInner": false,
            "widgetType": "newsy_block_13",
            "elType": "widget"
          }
        ],
        "isInner": false,
        "elType": "column"
      }
    ],
    "isInner": false,
    "elType": "section"
  }
]
