[
  {
    "id": "5e9788ba",
    "settings": {
      "content_width": { "unit": "px", "size": 1200, "sizes": [] },
      "background_background": "classic",
      "background_color": "#0000000D",
      "margin": {
        "unit": "px",
        "top": "-30",
        "right": 0,
        "bottom": "0",
        "left": 0,
        "isLinked": false
      },
      "padding": {
        "unit": "px",
        "top": "20",
        "right": "0",
        "bottom": "0",
        "left": "0",
        "isLinked": false
      }
    },
    "elements": [
      {
        "id": "444fdd62",
        "settings": { "_column_size": 100, "_inline_size": null },
        "elements": [
          {
            "id": "3a35b8f5",
            "settings": {
              "category": "-%%ak-featured%%",
              "count": 4,
              "tabs_all_text": "All",
              "custom_enabled": "yes",
              "custom_parts_-_title_length": 55,
              "custom_parts_-_show_excerpt": "hide",
              "custom_parts_-_show_meta": "hide",
              "custom_parts_-_show_category_type": "badge",
              "block_width": "4",
              "block_extra_classes": "ak-block-module-inner-boxed ak-block-inner-border-round ak-block-module-thumb-round"
            },
            "elements": [],
            "isInner": false,
            "widgetType": "newsy_list_2_wide",
            "elType": "widget"
          }
        ],
        "isInner": false,
        "elType": "column"
      }
    ],
    "isInner": false,
    "elType": "section"
  },
  {
    "id": "747f3b6e",
    "settings": {
      "structure": "22",
      "content_width": { "unit": "px", "size": 1200, "sizes": [] },
      "background_background": "classic",
      "background_color": "#0000000D"
    },
    "elements": [
      {
        "id": "4211fc03",
        "settings": { "_column_size": 66, "_inline_size": null },
        "elements": [
          {
            "id": "e448675",
            "settings": {
              "slider_count": 17,
              "slider_scroll_items": 1,
              "slider_nav": "style-5",
              "slider_dots": "style-4",
              "category": "%%ak-featured%%",
              "block_extra_classes": "ak-block-shadow",
              "_padding": {
                "unit": "px",
                "top": "0",
                "right": "0",
                "bottom": "0",
                "left": "0",
                "isLinked": true
              },
              "_offset_orientation_h": "end",
              "_background_background": "classic",
              "_background_color": "#FFFFFF"
            },
            "elements": [],
            "isInner": false,
            "widgetType": "newsy_slider_3",
            "elType": "widget"
          },
          {
            "id": "64ed0e5b",
            "settings": {
              "title": "Today's Hot News",
              "header_style": "style-5",
              "header_title_color": "#000000",
              "count": 5,
              "offset": 4,
              "tabs_all_text": "All",
              "block_extra_classes": "ak-block-module-inner-boxed ak-block-module-thumb-round"
            },
            "elements": [],
            "isInner": false,
            "widgetType": "newsy_list_12",
            "elType": "widget"
          }
        ],
        "isInner": false,
        "elType": "column"
      },
      {
        "id": "50656c1c",
        "settings": { "_column_size": 33, "_inline_size": null },
        "elements": [
          {
            "id": "15e87314",
            "settings": {
              "header_style": "style-14",
              "count": 5,
              "tabs": "order_filter",
              "tabs_order_by_filter": "latest,popular,voting_up",
              "tabs_all_text": "All",
              "custom_enabled": "yes",
              "custom_parts_-_show_excerpt": "hide",
              "custom_parts_-_show_author_icon": "hide",
              "custom_parts_-_show_author": "hide",
              "custom_parts_-_show_comment_count": "hide",
              "custom_parts_-_show_share_count": "hide",
              "custom_parts_-_show_view_count": "hide",
              "custom_parts_-_show_voting_count": "hide",
              "custom_parts_-_date_format": "ago",
              "block_extra_classes": "ak-block-boxed ak-block-module-thumb-round",
              "item_margin": 21,
              "custom_parts_-_title_length": 55
            },
            "elements": [],
            "isInner": false,
            "widgetType": "newsy_list_1_small_square",
            "elType": "widget"
          },
          {
            "id": "264fc837",
            "settings": {
              "type": "image",
              "image": "%%ak-ad-350X300%%",
              "image_link": "#"
            },
            "elements": [],
            "isInner": false,
            "widgetType": "newsy_ad",
            "elType": "widget"
          },
          {
            "id": "5deed2f2",
            "settings": {
              "title": "Around the World",
              "title_url": "#",
              "category": "%%ak-business%%",
              "count": 4,
              "tabs_all_text": "All",
              "block_extra_classes": "ak-block-inner-boxed ak-block-module-thumb-round"
            },
            "elements": [],
            "isInner": false,
            "widgetType": "newsy_block_3",
            "elType": "widget"
          },
          {
            "id": "3097e00",
            "settings": {
              "social_sites": "facebook,twitter,youtube,instagram",
              "style": "style-2",
              "color_style": "light-square",
              "title": "Stay Connected",
              "title_url": "#",
              "block_extra_classes": "ak-block-inner-boxed"
            },
            "elements": [],
            "isInner": false,
            "widgetType": "newsy_social_counter",
            "elType": "widget"
          }
        ],
        "isInner": false,
        "elType": "column"
      }
    ],
    "isInner": false,
    "elType": "section"
  },
  {
    "id": "10a29e27",
    "settings": {
      "margin": {
        "unit": "px",
        "top": "0",
        "right": 0,
        "bottom": "0",
        "left": 0,
        "isLinked": true
      },
      "background_background": "classic",
      "background_color": "#0000000D",
      "padding": {
        "unit": "px",
        "top": "30",
        "right": "0",
        "bottom": "30",
        "left": "0",
        "isLinked": false
      }
    },
    "elements": [
      {
        "id": "3339fe96",
        "settings": { "_column_size": 100, "_inline_size": null },
        "elements": [
          {
            "id": "2d8a5bc0",
            "settings": {
              "type": "image",
              "image": "%%ak-ad-970X90%%",
              "image_link": "#"
            },
            "elements": [],
            "isInner": false,
            "widgetType": "newsy_ad",
            "elType": "widget"
          }
        ],
        "isInner": false,
        "elType": "column"
      }
    ],
    "isInner": false,
    "elType": "section"
  },
  {
    "id": "5809b4ee",
    "settings": {
      "content_width": { "unit": "px", "size": 1200, "sizes": [] },
      "background_background": "classic",
      "background_color": "#0000000D"
    },
    "elements": [
      {
        "id": "6583ae6d",
        "settings": { "_column_size": 100, "_inline_size": null },
        "elements": [
          {
            "id": "60156224",
            "settings": {
              "title": "Don't Miss",
              "count": "5",
              "tabs_all_text": "All",
              "module_2_custom_enabled": "yes",
              "module_2_custom_parts_-_title_length": 45,
              "module_2_custom_parts_-_show_excerpt": "hide",
              "module_2_custom_parts_-_show_meta": "hide",
              "module_2_custom_parts_-_show_category_type": "badge",
              "module_6_custom_enabled": "yes",
              "module_6_custom_parts_-_excerpt_length": 75,
              "module_6_custom_parts_-_show_comment_count": "hide",
              "module_6_custom_parts_-_show_share_count": "hide",
              "module_6_custom_parts_-_show_view_count": "hide",
              "module_6_custom_parts_-_show_voting_count": "hide",
              "module_6_custom_parts_-_show_category_type": "badge",
              "block_extra_classes": "ak-block-inner-boxed ak-block-module-thumb-round"
            },
            "elements": [],
            "isInner": false,
            "widgetType": "newsy_block_10",
            "elType": "widget"
          }
        ],
        "isInner": false,
        "elType": "column"
      }
    ],
    "isInner": false,
    "elType": "section"
  },
  {
    "id": "5b61f6ab",
    "settings": {
      "content_width": { "unit": "px", "size": 1200, "sizes": [] },
      "structure": "22",
      "background_background": "classic",
      "background_color": "#0000000D",
      "padding": {
        "unit": "px",
        "top": "0",
        "right": "0",
        "bottom": "30",
        "left": "0",
        "isLinked": false
      }
    },
    "elements": [
      {
        "id": "349ab6bc",
        "settings": {
          "_column_size": 66,
          "_inline_size": 75,
          "space_between_widgets": 0
        },
        "elements": [
          {
            "id": "6cbf3f99",
            "settings": {
              "title": "Editor's Pick",
              "icon": "fa-square",
              "offset": 20,
              "tabs_all_text": "All",
              "module_6_custom_enabled": "yes",
              "module_6_custom_parts_-_excerpt_length": 55,
              "module_6_custom_parts_-_show_comment_count": "hide",
              "module_6_custom_parts_-_show_share_count": "hide",
              "module_6_custom_parts_-_show_view_count": "hide",
              "module_6_custom_parts_-_show_voting_count": "hide",
              "module_6_custom_parts_-_show_category_type": "badge",
              "module_2_custom_enabled": "yes",
              "module_2_custom_parts_-_title_length": 45,
              "module_2_custom_parts_-_show_excerpt": "hide",
              "module_2_custom_parts_-_show_meta": "hide",
              "module_2_custom_parts_-_show_category_type": "badge",
              "block_extra_classes": "ak-block-inner-boxed ak-block-module-thumb-round"
            },
            "elements": [],
            "isInner": false,
            "widgetType": "newsy_block_7",
            "elType": "widget"
          },
          {
            "id": "1e8ab303",
            "settings": {
              "offset": 23,
              "tabs_all_text": "All",
              "custom_enabled": "yes",
              "custom_parts_-_show_excerpt": "hide",
              "custom_parts_-_show_meta": "hide",
              "custom_parts_-_show_category_type": "badge",
              "block_width": "3",
              "block_extra_classes": "ak-block-inner-boxed ak-block-module-thumb-round"
            },
            "elements": [],
            "isInner": false,
            "widgetType": "newsy_list_2",
            "elType": "widget"
          }
        ],
        "isInner": false,
        "elType": "column"
      },
      {
        "id": "6fcdbaf5",
        "settings": {
          "_column_size": 33,
          "_inline_size": 24.333,
          "hide_mobile": "hidden-mobile"
        },
        "elements": [
          {
            "id": "76b6f972",
            "settings": {
              "title": "Today's Top Stories",
              "header_style": "style-5",
              "header_line_color": "#FFFFFF",
              "count": 5,
              "order_by": "popular_week",
              "tabs_all_text": "All",
              "custom_enabled": "yes",
              "custom_parts_-_show_excerpt": "hide",
              "custom_parts_-_show_meta": "hide",
              "custom_parts_-_show_category": "hide",
              "numeric_items_style": "style-7",
              "_padding": {
                "unit": "px",
                "top": "20",
                "right": "20",
                "bottom": "20",
                "left": "20",
                "isLinked": true
              },
              "_css_classes": "dark",
              "_background_background": "classic",
              "_background_color": "#F40000",
              "_border_radius": {
                "unit": "px",
                "top": "5",
                "right": "5",
                "bottom": "5",
                "left": "5",
                "isLinked": true
              }
            },
            "elements": [],
            "isInner": false,
            "widgetType": "newsy_list_10",
            "elType": "widget"
          },
          {
            "id": "3abbb6ed",
            "settings": {
              "title": "Newsy Plus",
              "desc": "Plans starting at less than $9/month.",
              "style": "featured",
              "price_unit": "$",
              "price_tenure": "/month",
              "features": "Unlimited Exculisive Cancel anytime"
            },
            "elements": [],
            "isInner": false,
            "widgetType": "newsy_membership_plan",
            "elType": "widget"
          }
        ],
        "isInner": false,
        "elType": "column"
      }
    ],
    "isInner": false,
    "elType": "section"
  },
  {
    "id": "62d27ee",
    "settings": {
      "padding": {
        "unit": "px",
        "top": "10",
        "right": "0",
        "bottom": "10",
        "left": "0",
        "isLinked": false
      },
      "css_classes": "dark",
      "content_width": { "unit": "px", "size": 1200, "sizes": [] }
    },
    "elements": [
      {
        "id": "2681fdae",
        "settings": { "_column_size": 100, "_inline_size": null },
        "elements": [
          {
            "id": "15185c43",
            "settings": { "title": "What to Watch" },
            "elements": [],
            "isInner": false,
            "widgetType": "newsy_block_header",
            "elType": "widget"
          },
          {
            "id": "41db8714",
            "settings": { "layout": "horizontal" },
            "elements": [],
            "isInner": false,
            "widgetType": "newsy_video_playlist",
            "elType": "widget"
          }
        ],
        "isInner": false,
        "elType": "column"
      }
    ],
    "isInner": false,
    "elType": "section"
  },
  {
    "id": "1cdd1fad",
    "settings": {
      "content_width": { "unit": "px", "size": 1200, "sizes": [] },
      "background_background": "classic",
      "background_color": "#0000000D",
      "margin": {
        "unit": "px",
        "top": "0",
        "right": 0,
        "bottom": "-30",
        "left": 0,
        "isLinked": false
      },
      "padding": {
        "unit": "px",
        "top": "0",
        "right": "0",
        "bottom": "30",
        "left": "0",
        "isLinked": false
      }
    },
    "elements": [
      {
        "id": "3acec444",
        "settings": { "_column_size": 100, "_inline_size": null },
        "elements": [
          {
            "id": "572b267a",
            "settings": {
              "title": "More News",
              "title_url": "#",
              "count": 8,
              "pagination": "load_more",
              "tabs": "cat_filter",
              "tabs_cat_filter": "%%ak-news%%,%%ak-us-news%%,%%ak-business%%,%%ak-entertainment%%,%%ak-tech-science%%,%%ak-work-life%%,%%ak-sports%%,%%ak-video%%",
              "tabs_all_text": "All",
              "custom_enabled": "yes",
              "custom_parts_-_show_excerpt": "hide",
              "custom_parts_-_show_meta": "hide",
              "custom_parts_-_show_category_type": "badge",
              "block_width": "4",
              "block_extra_classes": "ak-block-inner-boxed ak-block-module-thumb-round"
            },
            "elements": [],
            "isInner": false,
            "widgetType": "newsy_list_2",
            "elType": "widget"
          }
        ],
        "isInner": false,
        "elType": "column"
      }
    ],
    "isInner": false,
    "elType": "section"
  }
]
