[
  {
    "id": "47d6a08d",
    "settings": {
      "background_background": "classic",
      "background_color": "#0000000D",
      "margin": {
        "unit": "px",
        "top": "-30",
        "right": 0,
        "bottom": "0",
        "left": 0,
        "isLinked": false
      },
      "padding": {
        "unit": "px",
        "top": "30",
        "right": "0",
        "bottom": "30",
        "left": "0",
        "isLinked": false
      }
    },
    "elements": [
      {
        "id": "77e43d77",
        "settings": { "_column_size": 100, "_inline_size": null },
        "elements": [
          {
            "id": "1adc9960",
            "settings": {
              "category": "%%ak-featured%%",
              "taxonomy": "post_format:post-format-video",
              "item_margin": 30
            },
            "elements": [],
            "isInner": false,
            "widgetType": "newsy_grid_3",
            "elType": "widget"
          }
        ],
        "isInner": false,
        "elType": "column"
      }
    ],
    "isInner": false,
    "elType": "section"
  },
  {
    "id": "7cde8cce",
    "settings": {
      "margin": {
        "unit": "px",
        "top": "0",
        "right": 0,
        "bottom": "0",
        "left": 0,
        "isLinked": true
      },
      "padding": {
        "unit": "px",
        "top": "30",
        "right": "0",
        "bottom": "50",
        "left": "0",
        "isLinked": false
      }
    },
    "elements": [
      {
        "id": "583db902",
        "settings": { "_column_size": 100, "_inline_size": null },
        "elements": [
          {
            "id": "58945da1",
            "settings": {
              "type": "image",
              "image": "%%ak-ad-970x70%%",
              "image_link": "#"
            },
            "elements": [],
            "isInner": false,
            "widgetType": "newsy_ad",
            "elType": "widget"
          }
        ],
        "isInner": false,
        "elType": "column"
      }
    ],
    "isInner": false,
    "elType": "section"
  },
  {
    "id": "59941687",
    "settings": {
      "background_background": "classic",
      "background_color": "#0000000D",
      "margin": {
        "unit": "px",
        "top": "-30",
        "right": 0,
        "bottom": "0",
        "left": 0,
        "isLinked": false
      },
      "padding": {
        "unit": "px",
        "top": "30",
        "right": "0",
        "bottom": "30",
        "left": "0",
        "isLinked": false
      }
    },
    "elements": [
      {
        "id": "6c6a8165",
        "settings": { "_column_size": 100, "_inline_size": null },
        "elements": [
          {
            "id": "461c3d8f",
            "settings": [],
            "elements": [],
            "isInner": false,
            "widgetType": "newsy_video_playlist",
            "elType": "widget"
          }
        ],
        "isInner": false,
        "elType": "column"
      }
    ],
    "isInner": false,
    "elType": "section"
  },
  {
    "id": "67484d95",
    "settings": [],
    "elements": [
      {
        "id": "61a42cd5",
        "settings": { "_column_size": 100, "_inline_size": null },
        "elements": [
          {
            "id": "106e4f07",
            "settings": {
              "title": "Entertainment",
              "category": "%%ak-entertainment%%",
              "count": 4,
              "tabs_all_text": "All",
              "block_width": "4"
            },
            "elements": [],
            "isInner": false,
            "widgetType": "newsy_list_2_wide",
            "elType": "widget"
          },
          {
            "id": "35775e7c",
            "settings": {
              "title": "Gamer's on action",
              "category": "%%ak-gaming%%",
              "count": 4,
              "tabs_all_text": "All",
              "block_width": "4"
            },
            "elements": [],
            "isInner": false,
            "widgetType": "newsy_list_2_wide",
            "elType": "widget"
          },
          {
            "id": "7b7add60",
            "settings": {
              "title": "Tech & Science",
              "category": "%%ak-tech%%",
              "count": 4,
              "tabs_all_text": "All",
              "block_width": "4"
            },
            "elements": [],
            "isInner": false,
            "widgetType": "newsy_list_2_wide",
            "elType": "widget"
          },
          {
            "id": "24f64b48",
            "settings": {
              "title": "Music",
              "category": "%%ak-music%%",
              "count": 4,
              "tabs_all_text": "All",
              "block_width": "4"
            },
            "elements": [],
            "isInner": false,
            "widgetType": "newsy_list_2_wide",
            "elType": "widget"
          }
        ],
        "isInner": false,
        "elType": "column"
      }
    ],
    "isInner": false,
    "elType": "section"
  }
]
