[
  {
    "id": "4a19e08a",
    "settings": {
      "layout": "full_width",
      "gap": "no",
      "stretch_section": "section-stretched",
      "margin": {
        "unit": "px",
        "top": "-30",
        "right": 0,
        "bottom": "0",
        "left": 0,
        "isLinked": false
      }
    },
    "elements": [
      {
        "id": "33772888",
        "settings": { "_column_size": 100, "_inline_size": null },
        "elements": [
          {
            "id": "24db1491",
            "settings": {
              "block_extra_classes": "ak-block-module-center-elements"
            },
            "elements": [],
            "isInner": false,
            "widgetType": "newsy_grid_6",
            "elType": "widget"
          }
        ],
        "isInner": false,
        "elType": "column"
      }
    ],
    "isInner": false,
    "elType": "section"
  },
  {
    "id": "1ad396fb",
    "settings": {
      "margin": {
        "unit": "px",
        "top": "40",
        "right": 0,
        "bottom": "40",
        "left": 0,
        "isLinked": true
      },
      "custom_height_tablet": { "unit": "vw", "size": "", "sizes": [] },
      "custom_height_mobile": { "unit": "vw", "size": "", "sizes": [] }
    },
    "elements": [
      {
        "id": "c30c721",
        "settings": { "_column_size": 100, "_inline_size": null },
        "elements": [
          {
            "id": "27821f5f",
            "settings": {
              "title": "MORE STORIES",
              "header_style": "style-12",
              "count": 12,
              "offset": 3,
              "tabs_all_text": "All",
              "icon": "fa-newspaper-o",
              "pagination": "load_more"
            },
            "elements": [],
            "isInner": false,
            "widgetType": "newsy_block_13",
            "elType": "widget"
          }
        ],
        "isInner": false,
        "elType": "column"
      }
    ],
    "isInner": false,
    "elType": "section"
  },
  {
    "id": "20b34027",
    "settings": {
      "background_background": "classic",
      "background_color": "#0A0A0A0D",
      "padding": {
        "unit": "px",
        "top": "40",
        "right": "0",
        "bottom": "40",
        "left": "0",
        "isLinked": false
      }
    },
    "elements": [
      {
        "id": "3b6e9ce2",
        "settings": { "_column_size": 100, "_inline_size": null },
        "elements": [
          {
            "id": "475a46e7",
            "settings": {
              "type": "image",
              "image": "%%ak-ad-970X250%%",
              "image_link": "#"
            },
            "elements": [],
            "isInner": false,
            "widgetType": "newsy_ad",
            "elType": "widget"
          }
        ],
        "isInner": false,
        "elType": "column"
      }
    ],
    "isInner": false,
    "elType": "section"
  },
  {
    "id": "781e9023",
    "settings": { "structure": "30" },
    "elements": [
      {
        "id": "ce5427c",
        "settings": { "_column_size": 33, "_inline_size": null },
        "elements": [
          {
            "id": "2552728c",
            "settings": {
              "title": "Features",
              "icon": "fa-bookmark",
              "header_style": "style-12",
              "header_line_color": "#8224E3",
              "header_title_color": "#8224E3",
              "offset": 25,
              "tabs_all_text": "All"
            },
            "elements": [],
            "isInner": false,
            "widgetType": "newsy_block_1",
            "elType": "widget"
          }
        ],
        "isInner": false,
        "elType": "column"
      },
      {
        "id": "17268886",
        "settings": { "_column_size": 33, "_inline_size": null },
        "elements": [
          {
            "id": "5393606f",
            "settings": {
              "title": "Hottest",
              "icon": "fa-clock-o",
              "header_style": "style-12",
              "header_line_color": "#1E73BE",
              "header_title_color": "#1E73BE",
              "offset": 28,
              "tabs_all_text": "All"
            },
            "elements": [],
            "isInner": false,
            "widgetType": "newsy_block_1",
            "elType": "widget"
          }
        ],
        "isInner": false,
        "elType": "column"
      },
      {
        "id": "53a850b8",
        "settings": { "_column_size": 33, "_inline_size": null },
        "elements": [
          {
            "id": "44007f4e",
            "settings": {
              "title": "Trending",
              "icon": "fa-rocket",
              "header_style": "style-12",
              "header_line_color": "#8224E3",
              "header_title_color": "#8224E3",
              "offset": 31,
              "tabs_all_text": "All"
            },
            "elements": [],
            "isInner": false,
            "widgetType": "newsy_block_1",
            "elType": "widget"
          }
        ],
        "isInner": false,
        "elType": "column"
      }
    ],
    "isInner": false,
    "elType": "section"
  }
]
