[
  {
    "id": "d27a4d0",
    "settings": {
      "content_width": { "unit": "px", "size": 1200, "sizes": [] }
    },
    "elements": [
      {
        "id": "6e7b45ed",
        "settings": { "_column_size": 100, "_inline_size": null },
        "elements": [
          {
            "id": "7b816c62",
            "settings": { "gradient": "tg-colored" },
            "elements": [],
            "isInner": false,
            "widgetType": "newsy_grid_1",
            "elType": "widget"
          }
        ],
        "isInner": false,
        "elType": "column"
      }
    ],
    "isInner": false,
    "elType": "section"
  },
  {
    "id": "65a696da",
    "settings": {
      "content_width": { "unit": "px", "size": 1200, "sizes": [] },
      "gap": "extended",
      "height": "min-height",
      "column_position": "top",
      "structure": "22",
      "margin": {
        "unit": "px",
        "top": "30",
        "right": 0,
        "bottom": "30",
        "left": 0,
        "isLinked": true
      },
      "padding": {
        "unit": "px",
        "top": "0",
        "right": "0",
        "bottom": "0",
        "left": "0",
        "isLinked": true
      }
    },
    "elements": [
      {
        "id": "6a3a8ea6",
        "settings": { "_column_size": 66, "_inline_size": null },
        "elements": [
          {
            "id": "4fe277c6",
            "settings": {
              "title": "Top Stories",
              "icon": "fa-star",
              "offset": 4,
              "tabs": "cat_filter",
              "tabs_cat_filter": "%%ak-entertainment%%,%%ak-style-beauty%%,%%ak-wellness%%,%%ak-food-drink%%,%%ak-work-life%%,%%ak-travel%%",
              "tabs_all_text": "All"
            },
            "elements": [],
            "isInner": false,
            "widgetType": "newsy_block_2",
            "elType": "widget"
          },
          {
            "id": "7fb46a3f",
            "settings": {
              "type": "image",
              "image": "%%ak-ad-728X90%%",
              "image_link": "#"
            },
            "elements": [],
            "isInner": false,
            "widgetType": "newsy_ad",
            "elType": "widget"
          },
          {
            "id": "458d2c1f",
            "settings": {
              "title": "Arround the World",
              "offset": 12,
              "tabs_all_text": "All"
            },
            "elements": [],
            "isInner": false,
            "widgetType": "newsy_block_5",
            "elType": "widget"
          },
          {
            "id": "6a5c1ac2",
            "settings": {
              "title": "Lifestyle",
              "category": "%%ak-work-life%%",
              "count": 6,
              "tabs_all_text": "All",
              "custom_enabled": "yes",
              "custom_parts_-_show_excerpt": "hide",
              "custom_parts_-_show_meta": "hide",
              "custom_parts_-_show_category": "hide",
              "block_width": "3"
            },
            "elements": [],
            "isInner": false,
            "widgetType": "newsy_list_2",
            "elType": "widget"
          }
        ],
        "isInner": false,
        "elType": "column"
      },
      {
        "id": "72327a19",
        "settings": { "_column_size": 33, "_inline_size": null },
        "elements": [
          {
            "id": "40467bc2",
            "settings": {
              "title": "Trending",
              "icon": "fa-rocket",
              "count": 7,
              "order_by": "popular_week",
              "tabs_all_text": "All",
              "custom_enabled": "yes",
              "custom_parts_-_show_excerpt": "hide",
              "custom_parts_-_show_meta": "hide",
              "custom_parts_-_show_category": "hide",
              "numeric_items_style": "style-4",
              "item_margin": 1
            },
            "elements": [],
            "isInner": false,
            "widgetType": "newsy_list_3",
            "elType": "widget"
          }
        ],
        "isInner": false,
        "elType": "column"
      }
    ],
    "isInner": false,
    "elType": "section"
  },
  {
    "id": "4088a48d",
    "settings": {
      "content_width": { "unit": "px", "size": 1200, "sizes": [] },
      "padding": {
        "unit": "px",
        "top": "20",
        "right": "0",
        "bottom": "20",
        "left": "0",
        "isLinked": false
      },
      "css_classes": "dark"
    },
    "elements": [
      {
        "id": "3d720063",
        "settings": { "_column_size": 100, "_inline_size": null },
        "elements": [
          {
            "id": "4469c86a",
            "settings": {
              "title": "Entertainment",
              "category": "%%ak-entertainment%%",
              "count": 4,
              "tabs_all_text": "All",
              "custom_enabled": "yes",
              "custom_parts_-_show_excerpt": "hide",
              "custom_parts_-_show_meta": "hide",
              "block_width": "4"
            },
            "elements": [],
            "isInner": false,
            "widgetType": "newsy_list_2",
            "elType": "widget"
          }
        ],
        "isInner": false,
        "elType": "column"
      }
    ],
    "isInner": false,
    "elType": "section"
  },
  {
    "id": "5a35c088",
    "settings": {
      "content_width": { "unit": "px", "size": 1200, "sizes": [] },
      "gap": "extended",
      "height": "min-height",
      "column_position": "top",
      "structure": "22",
      "margin": {
        "unit": "px",
        "top": "30",
        "right": 0,
        "bottom": "30",
        "left": 0,
        "isLinked": true
      },
      "padding": {
        "unit": "px",
        "top": "0",
        "right": "0",
        "bottom": "0",
        "left": "0",
        "isLinked": false
      }
    },
    "elements": [
      {
        "id": "6ffb48ce",
        "settings": { "_column_size": 66, "_inline_size": null },
        "elements": [
          {
            "id": "7cecf3af",
            "settings": {
              "title": "Latest Post",
              "count": 10,
              "pagination": "load_more",
              "tabs_all_text": "All"
            },
            "elements": [],
            "isInner": false,
            "widgetType": "newsy_list_1_large",
            "elType": "widget"
          }
        ],
        "isInner": false,
        "elType": "column"
      },
      {
        "id": "628284e",
        "settings": {
          "_column_size": 33,
          "_inline_size": null,
          "css_classes": "sticky-column"
        },
        "elements": [
          {
            "id": "64da40d6",
            "settings": {
              "social_sites": "facebook,twitter,instagram,rss,youtube,soundcloud,pinterest,vk",
              "style": "style-2",
              "color_style": "light-square",
              "title": "Follow Us"
            },
            "elements": [],
            "isInner": false,
            "widgetType": "newsy_social_counter",
            "elType": "widget"
          },
          {
            "id": "e3ebc64",
            "settings": {
              "title": "Travel",
              "category": "%%ak-travel%%",
              "count": 4,
              "tabs_all_text": "All"
            },
            "elements": [],
            "isInner": false,
            "widgetType": "newsy_block_3",
            "elType": "widget"
          },
          {
            "id": "67f8f857",
            "settings": { "title": "Categories" },
            "elements": [],
            "isInner": false,
            "widgetType": "newsy_popular_categories",
            "elType": "widget"
          },
          {
            "id": "482a3eff",
            "settings": {
              "title": "Recommended",
              "count": 4,
              "order_by": "random",
              "tabs_all_text": "All",
              "custom_enabled": "yes",
              "custom_parts_-_show_excerpt": "hide",
              "custom_parts_-_show_meta": "hide",
              "custom_parts_-_show_category": "hide",
              "block_width": "2"
            },
            "elements": [],
            "isInner": false,
            "widgetType": "newsy_list_2",
            "elType": "widget"
          }
        ],
        "isInner": false,
        "elType": "column"
      }
    ],
    "isInner": false,
    "elType": "section"
  }
]
