{
  "site_width": "1200px",
  "site_boxed_inner_width": "1160px",
  "site_loop": "newsy_list_2",
  "site_loop_pagination": "load_more",
  "site_loop_custom_parts": { "show_category_type": "inline_badge" },
  "builder_header_desktop": {
    "order": ["top", "mid", "bottom"],
    "top": {
      "scheme": "dark",
      "left": { "layout": "grow", "align": "left" },
      "center": {
        "layout": "normal",
        "align": "center",
        "items": ["html1", "button3"]
      },
      "right": { "layout": "grow", "align": "right" }
    },
    "mid": {
      "scheme": "dark",
      "left": { "layout": "normal", "align": "left", "items": ["logo"] },
      "center": {
        "layout": "grow",
        "align": "center",
        "items": ["search_form"]
      },
      "right": {
        "layout": "normal",
        "align": "right",
        "items": ["html2", "divider1", "shop", "divider3", "user_button"]
      }
    },
    "bottom": {
      "scheme": "dark",
      "left": {
        "layout": "grow",
        "align": "left",
        "items": ["menu_handler", "main_menu"]
      },
      "center": { "layout": "normal", "align": "center" },
      "right": {
        "layout": "normal",
        "align": "right",
        "items": ["language", "dark_mode"]
      }
    }
  },
  "builder_header_mobile": {
    "mobile": {
      "scheme": "dark",
      "left": {
        "layout": "grow",
        "align": "left",
        "items": ["menu_handler", "mobile_logo"]
      },
      "center": { "layout": "normal", "align": "center" },
      "right": {
        "layout": "normal",
        "align": "right",
        "items": ["dark_mode", "user"]
      }
    },
    "mobile_menu": {
      "scheme": "dark",
      "left": {
        "layout": "grow",
        "align": "left",
        "items": ["mobile_menu_wide"]
      },
      "center": { "layout": "normal", "align": "center" },
      "right": { "layout": "normal", "align": "right" }
    }
  },
  "builder_header_sticky": {
    "sticky": {
      "left": { "layout": "normal", "align": "left", "items": ["logo"] },
      "center": { "layout": "grow", "align": "left", "items": ["main_menu"] },
      "right": { "layout": "normal", "align": "right", "items": ["search"] }
    }
  },
  "builder_drawer": {
    "drawer": {
      "scheme": "dark",
      "left": {
        "layout": "grow",
        "align": "left",
        "items": ["search_form", "mobile_menu", "top_menu"]
      },
      "center": { "layout": "grow", "align": "left" },
      "right": {
        "layout": "grow",
        "align": "left",
        "items": ["footer_copyright"]
      }
    }
  },
  "header_wrap_shadow": "active",
  "header_top_bar_style": {
    "background": {
      "gradient": { "color": "rgb(221,51,51)", "sec_color": "rgb(191,43,43)" },
      "color": "rgb(255,0,59)",
      "image": {
        "img": "%attachment_url%ak-media-28%attachment_url%",
        "type": "top-repeat"
      }
    },
    "border": { "bottom": { "color": "rgba(255,255,255,0.34)" } }
  },
  "header_top_height": "45",
  "header_mid_bar_style": {
    "border": {
      "top": { "color": "#377DCE" },
      "bottom": {
        "style": "solid",
        "width": "1px",
        "color": "rgba(100,100,100,0.1)"
      }
    }
  },
  "header_mid_height": "80",
  "header_bottom_bar_style": {
    "background": { "color": "rgb(29 33 40)" },
    "border": { "top": { "color": "rgba(214,214,214,0.1)" } }
  },
  "header_bottom_height": "40",
  "header_mobile_menu_bar_style": {
    "background": { "color": "rgb(29 33 40)" }
  },
  "drawer_style": {
    "background": {
      "type": "gradient",
      "gradient": {
        "color": "rgb(0,0,0)",
        "sec_color": "rgb(37,22,1)",
        "location": "84",
        "angle": "310"
      }
    }
  },
  "logo_image": "%attachment_url%ak-newsy-logo%attachment_url%",
  "logo2x_image": "%attachment_url%ak-newsy-logo2x%attachment_url%",
  "logo_dark_image": "%attachment_url%ak-newsy-logo-dark%attachment_url%",
  "logo2x_dark_image": "%attachment_url%ak-newsy-logo-dark2x%attachment_url%",
  "typ_header_logo": { "family": "Inter", "subset": "latin", "size": "35px" },
  "main_logo_width": "140",
  "main_menu_more_enabled": "active",
  "main_menu_style": "style-4",
  "header_main_menu_height": "50",
  "main_menu_bottom_border_hover_color": "rgb(255,0,59)",
  "typ_top_bar_date": {
    "size": "12px",
    "line-height": "35px",
    "color": "#FFFFFF"
  },
  "header_social_icons": "facebook,twitter,youtube",
  "header_search_form_width": "95",
  "header_search_form_btn_bg_color": "rgb(221,153,51)",
  "search_button_icon_color": "#191919",
  "search_button_hover_icon_color": "#ffffff",
  "search_button_hover_bg_color": "#000000",
  "header_login_icon": "fa-sign-in",
  "header_login_button": {
    "text": "Login",
    "icon": "fa-lock",
    "style": "rounded",
    "border_color": "rgba(255,255,255,0.36)",
    "border_hover_color": "rgba(255,255,255,0.77)"
  },
  "header_newsticker": {
    "icon": "akfi-flash_on",
    "header_title_bg_color": "rgba(255,255,255,0.2)",
    "header_icon_color": "rgb(221,153,51)",
    "order_by": "latest",
    "block_extra_classes": "dark"
  },
  "header_button_create": {
    "text": "Create",
    "target": "_self",
    "style": "rounded",
    "bg_color": "rgb(163,25,255)",
    "bg_hover_color": "rgb(130,36,227)",
    "border_color": "rgb(188,73,255)",
    "border_hover_color": "rgb(188,73,255)"
  },
  "header_button1": {
    "text": "Create",
    "link": "/editor",
    "target": "_self",
    "style": "rounded",
    "bg_color": "#bc49ff",
    "bg_hover_color": "#aa19ff",
    "border_color": "#bc49ff",
    "login": "yes"
  },
  "header_button2": {
    "text": "Subscribe Now",
    "link": "/subscription",
    "target": "_self",
    "bg_color": "rgba(255,255,255,0.2)"
  },
  "header_button3": {
    "text": "Shop Now",
    "link": "/shop",
    "target": "_self",
    "style": "rounded",
    "bg_color": "rgb(255,255,255)",
    "bg_hover_color": "rgb(255,255,255)",
    "color": "rgb(30,30,30)"
  },
  "header_html_1": "Free shipping on any purchase of <b>50$</b> or more!",
  "header_html_2": "<i class=\"ak-icon fa fa-phone\"></i> +00 123 548 987\n",
  "builder_footer": {
    "order": ["top", "mid", "bottom"],
    "top": {
      "scheme": "dark",
      "left": { "layout": "grow", "align": "left" },
      "center": {
        "layout": "normal",
        "align": "left",
        "items": ["footer_widgets"]
      },
      "right": { "layout": "grow", "align": "right" }
    },
    "mid": {
      "scheme": "dark",
      "left": {
        "layout": "grow",
        "align": "left",
        "items": ["footer_copyright"]
      },
      "center": { "layout": "normal", "align": "center" },
      "right": { "layout": "grow", "align": "right", "items": ["footer_menu"] }
    },
    "bottom": {
      "scheme": "dark",
      "left": { "layout": "grow", "align": "left" },
      "center": { "layout": "normal", "align": "left" },
      "right": { "layout": "grow", "align": "right" }
    }
  },
  "footer_mid_height": "100",
  "footer_bottom_height": "60",
  "footer_social_icons": "facebook,twitter,youtube,instagram,soundcloud",
  "footer_social_icons_style": "light-circle",
  "footer_copyright": "\u00a9 #year# <a href=\"#siteurl#\" title=\"#title#\">#sitename#</a> - #title#  theme by <a href=\"http://akbilisim.com\" title=\"akbilisim\">akbilisim</a>.",
  "post_template": "style-1",
  "post_show_breadcrumb": "hide",
  "post_show_categories": "hide",
  "post_show_author_box": "hide",
  "post_featured_video_sticky": "yes",
  "post_featured_video_autoplay": "yes",
  "post_sticky_enabled": "yes",
  "builder_post_sticky": {
    "sticky": {
      "scheme": "dark",
      "left": {
        "layout": "normal",
        "align": "left",
        "items": ["menu_handler"]
      },
      "center": { "layout": "grow", "align": "left", "items": ["post_title"] },
      "right": { "layout": "normal", "align": "right", "items": ["post_share"] }
    }
  },
  "post_sticky_bar_style": { "background": { "color": "rgb(255,0,59)" } },
  "post_sticky_height": "50",
  "post_layout": "style-1",
  "post_primary_sidebar": "post-sidebar",
  "post_meta": "style-3",
  "post_show_meta_date_format": "custom",
  "post_show_meta_date_format_custom": "m/d/Y g:i A",
  "post_autoload_inline": "enabled",
  "post_social_share_sites": "facebook,twitter,pinterest,email,reddit,whatsapp",
  "post_social_share_style": "style-4",
  "post_social_share_count": "total-each",
  "post_social_share_bottom": "hide",
  "post_voting_count_type": "items_count",
  "post_voting_guest_is_enabled": "yes",
  "views_ranking": {
    "0": { "view": "1", "icon": "akfi-trending_up" },
    "1": { "view": "500", "icon": "akfi-fire", "color": "#edaa02" },
    "2": { "view": "1000", "icon": "akfi-power", "color": "#d88531" },
    "3": { "view": "2000", "icon": "fa-rocket", "color": "#c44b2d" },
    "4": { "view": "3500", "icon": "akfi-rocket", "color": "#d40808" }
  },
  "post_show_reaction_box": "hide",
  "post_related_position": "end",
  "post_related_loop": "newsy_list_2",
  "post_related_loop_posts_count": "4",
  "post_related_loop_pagination": "hide",
  "post_related_block_width": "4",
  "post_related_loop_custom_enabled": "yes",
  "post_related_loop_custom_parts": {
    "show_excerpt": "hide",
    "show_meta": "hide",
    "show_author_icon": "hide",
    "show_author": "hide",
    "date_format": "ago"
  },
  "post_related_block_header_style": "style-5",
  "post_comments_form_remove_url": "yes",
  "post_comments_block_classes": "ak-block-boxed",
  "category_header_style": "style-3",
  "category_grid": "newsy_grid_2",
  "category_grid_item_margin": "15",
  "search_header_style": "style-6",
  "search_header_css": { "background": { "color": "rgb(0,0,0)" } },
  "search_layout": "style-3",
  "woocommerce_layout": "style-2",
  "woocommerce_primary_sidebar": "shop-sidebar",
  "woocommerce_tax_layout": "style-3",
  "woocommerce_tax_primary_sidebar": "shop-sidebar",
  "woocommerce_product_layout": "style-3",
  "woocommerce_product_primary_sidebar": "shop-sidebar",
  "site_highlight_color": "rgb(221,153,51)",
  "site_accent_color": "rgb(234,34,47)",
  "site_block_color": "rgb(221,153,51)",
  "typo_body_font": {
    "family": "Poppins",
    "variant": "400",
    "subset": "latin-ext"
  },
  "typo_heading": { "family": "Poppins", "variant": "700", "subset": "latin" },
  "typo_breadcrumb": {
    "family": "Poppins",
    "variant": "600",
    "subset": "latin",
    "size": "15px",
    "color": "rgb(0,0,0)"
  },
  "typ_header_menu": {
    "family": "Poppins",
    "variant": "900",
    "subset": "latin",
    "letter-spacing": "-0.02em",
    "transform": "none"
  },
  "typ_top_bar_menu": {
    "family": "Poppins",
    "variant": "500",
    "subset": "latin",
    "size": "12px",
    "line-height": "30px"
  },
  "archive_header_name": {
    "family": "Poppins",
    "variant": "900",
    "subset": "latin"
  },
  "typo_single_post_title": {
    "family": "Poppins",
    "variant": "900",
    "subset": "latin",
    "size": "38px"
  },
  "typo_single_post_summary": {
    "family": "Poppins",
    "variant": "500",
    "subset": "latin",
    "size": "22px",
    "line-height": "1.5em"
  },
  "typo_single_post_content": {
    "family": "Poppins",
    "variant": "400",
    "subset": "latin",
    "size": "18px"
  },
  "typo_single_post_block_quote": {
    "family": "Poppins",
    "variant": "700",
    "subset": "latin",
    "size": "28px"
  },
  "typo_general_block_header_title": {
    "family": "Poppins",
    "variant": "700",
    "subset": "latin",
    "size": "18px",
    "line-height": "32px",
    "letter-spacing": "-0.07px"
  },
  "general_block_header_title_color": "rgb(0,0,0)",
  "typo_general_block_header_subtitle": {
    "family": "Poppins",
    "variant": "900",
    "subset": "latin"
  },
  "general_block_header_subtitle_color": "rgb(255,0,60)",
  "typo_general_block_header_tabs": {
    "family": "Poppins",
    "variant": "500",
    "subset": "latin"
  },
  "typo_cat_badge": {
    "family": "Poppins",
    "variant": "700",
    "subset": "latin",
    "size": "11px",
    "letter-spacing": "-0.2px"
  },
  "block_load_more_width": "30",
  "block_load_more_bg_color": "rgb(247,247,247)",
  "block_load_more_text_color": "rgb(20,20,20)",
  "block_load_more_border_color": "rgb(247,247,247)",
  "block_load_more_hover_bg_color": "rgb(255,0,60)",
  "block_load_more_hover_text_color": "#ffffff",
  "block_load_more_hover_border_color": "rgb(255,0,60)",
  "cat_badge_style": {
    "background": { "color": "rgb(221,51,51)" },
    "margin": { "top": "8px", "right": "8px", "bottom": "8px", "left": "8px" },
    "padding": {
      "top": "5px",
      "right": "10px",
      "bottom": "5px",
      "left": "10px"
    },
    "border-radius": {
      "top-left": "5px",
      "top-right": "5px",
      "bottom-left": "5px",
      "bottom-right": "5px"
    }
  },
  "cat_badge_inline_style": {
    "background": { "color": "rgb(221,51,51)" },
    "padding": {
      "top": "5px",
      "right": "10px",
      "bottom": "5px",
      "left": "10px"
    },
    "border-radius": {
      "top-left": "5px",
      "top-right": "5px",
      "bottom-left": "5px",
      "bottom-right": "5px"
    }
  },
  "typo_title": { "family": "Poppins", "variant": "700", "subset": "latin" },
  "typo_summary": { "family": "Poppins", "variant": "400", "subset": "latin" },
  "typo_meta": {
    "family": "Poppins",
    "variant": "600",
    "subset": "latin",
    "size": "14px"
  },
  "typo_meta_author": { "color": "rgb(0,0,0)" },
  "module_1_parts": {
    "title_length": "60",
    "show_author_icon": "hide",
    "show_author": "hide",
    "show_comment_count": "hide",
    "show_share_count": "hide",
    "date_format": "custom",
    "custom_date_format": "M j, g:i a",
    "show_category": "hide"
  },
  "module_1_typo_title": {
    "family": "Poppins",
    "variant": "700",
    "subset": "latin"
  },
  "module_1_large_parts": {
    "show_author_icon": "hide",
    "show_author": "hide",
    "date_format": "custom",
    "custom_date_format": "M j, g:i a"
  },
  "module_1_medium_parts": {
    "show_author_icon": "hide",
    "show_author": "hide",
    "date_format": "custom",
    "custom_date_format": "M j, g:i a"
  },
  "module_1_medium_typo_title": { "size": "20px" },
  "module_1_small_parts": {
    "show_author_icon": "hide",
    "show_author": "hide",
    "date_format": "ago"
  },
  "module_2_parts": {
    "show_author_icon": "hide",
    "show_author": "hide",
    "date_format": "custom",
    "custom_date_format": "M j, g:i a"
  },
  "module_2_wide_parts": {
    "show_author_icon": "hide",
    "show_author": "hide",
    "date_format": "custom",
    "custom_date_format": "M j, g:i a"
  },
  "module_2_tall_parts": { "show_author_icon": "hide", "show_author": "hide" },
  "module_3_parts": {
    "show_author_icon": "hide",
    "show_author": "hide",
    "date_format": "custom",
    "custom_date_format": "M j, g:i a"
  },
  "module_4_parts": { "show_author_icon": "hide", "show_author": "hide" },
  "module_6_typo_title": { "size": "32px" },
  "module_10_typo_title": {
    "family": "Poppins",
    "variant": "500",
    "subset": "latin",
    "size": "16px"
  },
  "module_grid_big_parts": {
    "show_author_icon": "hide",
    "date_format": "ago",
    "show_category_type": "inline_badge"
  },
  "module_grid_big_typo_title": {
    "family": "Poppins",
    "variant": "900",
    "subset": "latin"
  },
  "module_grid_small_parts": {
    "show_author_icon": "hide",
    "show_author": "hide",
    "date_format": "ago",
    "show_category_type": "inline_badge"
  },
  "module_grid_tall_parts": {
    "show_author_icon": "hide",
    "show_author": "hide",
    "date_format": "ago",
    "show_category_type": "inline_badge"
  },
  "module_grid_tall_typo_title": { "size": "26px" },
  "module_grid_wide_parts": {
    "show_author_icon": "hide",
    "show_author": "hide",
    "date_format": "ago",
    "show_category_type": "inline_badge"
  },
  "module_grid_wide_big_parts": {
    "show_author_icon": "hide",
    "date_format": "ago",
    "show_category_type": "inline_badge"
  },
  "single_post_article_content_ad": [
    { "ad_position": "2", "ad_align": "center" }
  ]
}
