[
  {
    "id": "6ab16eba",
    "settings": {
      "background_background": "classic",
      "background_color": "#171D67",
      "background_image": {
        "url": "%attachment_url%ak-media-header-pattern%attachment_url%",
        "id": "%%ak-media-header-pattern%%",
        "alt": "",
        "source": "library"
      },
      "background_image_tablet": {
        "url": "%attachment_url%ak-media-header-pattern%attachment_url%",
        "id": "%%ak-media-header-pattern%%",
        "alt": "",
        "source": "library"
      },
      "padding": {
        "unit": "px",
        "top": "90",
        "right": "0",
        "bottom": "40",
        "left": "0",
        "isLinked": false
      },
      "margin": {
        "unit": "px",
        "top": "0",
        "right": 0,
        "bottom": "250",
        "left": 0,
        "isLinked": false
      }
    },
    "elements": [
      {
        "id": "694a2891",
        "settings": { "_column_size": 100, "_inline_size": null },
        "elements": [
          {
            "id": "3c04a93a",
            "settings": {
              "slider_count": 5,
              "_margin": {
                "unit": "px",
                "top": "0",
                "right": "0",
                "bottom": "-270",
                "left": "0",
                "isLinked": false
              }
            },
            "elements": [],
            "isInner": false,
            "widgetType": "newsy_slider_3",
            "elType": "widget"
          }
        ],
        "isInner": false,
        "elType": "column"
      }
    ],
    "isInner": false,
    "elType": "section"
  },
  {
    "id": "7ad68097",
    "settings": {
      "margin_tablet": {
        "unit": "px",
        "top": "30",
        "right": 0,
        "bottom": "30",
        "left": 0,
        "isLinked": true
      },
      "margin": {
        "unit": "px",
        "top": "30",
        "right": 0,
        "bottom": "30",
        "left": 0,
        "isLinked": true
      }
    },
    "elements": [
      {
        "id": "5de7d7e4",
        "settings": { "_column_size": 100, "_inline_size": null },
        "elements": [
          {
            "id": "62f57e7",
            "settings": {
              "type": "image",
              "image": "%%ak-ad-970X90%%",
              "image_link": "#"
            },
            "elements": [],
            "isInner": false,
            "widgetType": "newsy_ad",
            "elType": "widget"
          }
        ],
        "isInner": false,
        "elType": "column"
      }
    ],
    "isInner": false,
    "elType": "section"
  },
  {
    "id": "41b85da0",
    "settings": [],
    "elements": [
      {
        "id": "3fc293b",
        "settings": { "_column_size": 100, "_inline_size": null },
        "elements": [
          {
            "id": "21ef8218",
            "settings": {
              "count": 6,
              "offset": 5,
              "tabs_all_text": "All",
              "custom_enabled": "yes",
              "custom_parts_-_show_excerpt": "hide",
              "custom_parts_-_show_author_icon": "hide",
              "custom_parts_-_show_author": "hide",
              "custom_parts_-_show_comment_count": "hide",
              "custom_parts_-_show_share_count": "hide",
              "custom_parts_-_show_view_count": "hide",
              "custom_parts_-_show_date": "hide",
              "custom_parts_-_show_category_type": "inline",
              "block_extra_classes": "ak-block-module-center-elements",
              "item_margin": 50
            },
            "elements": [],
            "isInner": false,
            "widgetType": "newsy_list_2",
            "elType": "widget"
          }
        ],
        "isInner": false,
        "elType": "column"
      }
    ],
    "isInner": false,
    "elType": "section"
  },
  {
    "id": "3043e961",
    "settings": {
      "custom_height_tablet": { "unit": "vw", "size": "", "sizes": [] },
      "custom_height_mobile": { "unit": "vw", "size": "", "sizes": [] },
      "background_background": "classic",
      "background_color": "#171D67",
      "margin": {
        "unit": "px",
        "top": "30",
        "right": 0,
        "bottom": "30",
        "left": 0,
        "isLinked": true
      },
      "padding": {
        "unit": "px",
        "top": "30",
        "right": "0",
        "bottom": "30",
        "left": "0",
        "isLinked": false
      }
    },
    "elements": [
      {
        "id": "5d3d5bca",
        "settings": { "_column_size": 100, "_inline_size": null },
        "elements": [
          {
            "id": "242356e7",
            "settings": {
              "title": "LATEST IN VIDEOS",
              "title_size": "26px",
              "title_line_height": "38px",
              "header_style": "style-15",
              "header_line_color": "#4F4F4F",
              "header_title_bg_color": "#EEEE22",
              "header_title_color": "#F83371"
            },
            "elements": [],
            "isInner": false,
            "widgetType": "newsy_block_header",
            "elType": "widget"
          },
          {
            "id": "2fd10553",
            "settings": {
              "slider_center": "enabled",
              "taxonomy": "post_format:post-format-video",
              "slider_item_margin": 20
            },
            "elements": [],
            "isInner": false,
            "widgetType": "newsy_slider_2",
            "elType": "widget"
          }
        ],
        "isInner": false,
        "elType": "column"
      }
    ],
    "isInner": false,
    "elType": "section"
  },
  {
    "id": "38f0e026",
    "settings": {
      "margin": {
        "unit": "px",
        "top": "40",
        "right": 0,
        "bottom": "40",
        "left": 0,
        "isLinked": true
      }
    },
    "elements": [
      {
        "id": "3d4252f1",
        "settings": { "_column_size": 100, "_inline_size": null },
        "elements": [
          {
            "id": "7918ae20",
            "settings": {
              "title": "Entertainment",
              "title_size": "27px",
              "title_line_height": "38px",
              "header_style": "style-15",
              "header_line_color": "#E0E0E0",
              "header_title_bg_color": "#DD3333",
              "category": "%%ak-entertainment%%,-%%ak-work-life%%",
              "tabs_all_text": "All",
              "module_5_custom_enabled": "yes",
              "module_5_custom_parts_-_show_excerpt": "hide",
              "module_5_custom_parts_-_show_meta": "hide",
              "module_5_custom_parts_-_show_category_type": "badge",
              "block_extra_classes": "ak-block-module-center-elements"
            },
            "elements": [],
            "isInner": false,
            "widgetType": "newsy_block_9",
            "elType": "widget"
          }
        ],
        "isInner": false,
        "elType": "column"
      }
    ],
    "isInner": false,
    "elType": "section"
  },
  {
    "id": "c85ad4e",
    "settings": {
      "margin": {
        "unit": "px",
        "top": "40",
        "right": 0,
        "bottom": "40",
        "left": 0,
        "isLinked": true
      }
    },
    "elements": [
      {
        "id": "48d1d581",
        "settings": { "_column_size": 100, "_inline_size": null },
        "elements": [
          {
            "id": "4e6af16d",
            "settings": {
              "title": "Style & Beauty",
              "title_size": "27px",
              "title_line_height": "38px",
              "header_style": "style-15",
              "header_line_color": "#E0E0E0",
              "header_title_bg_color": "#9A4557",
              "category": "%%ak-style-beauty%%",
              "tabs_all_text": "All",
              "module_5_custom_enabled": "yes",
              "module_5_custom_parts_-_show_excerpt": "hide",
              "module_5_custom_parts_-_show_meta": "hide",
              "module_5_custom_parts_-_show_category_type": "badge",
              "block_extra_classes": "ak-block-module-center-elements"
            },
            "elements": [],
            "isInner": false,
            "widgetType": "newsy_block_9",
            "elType": "widget"
          }
        ],
        "isInner": false,
        "elType": "column"
      }
    ],
    "isInner": false,
    "elType": "section"
  },
  {
    "id": "15690f5",
    "settings": {
      "margin_tablet": {
        "unit": "px",
        "top": "30",
        "right": 0,
        "bottom": "30",
        "left": 0,
        "isLinked": true
      }
    },
    "elements": [
      {
        "id": "6d9de342",
        "settings": { "_column_size": 100, "_inline_size": null },
        "elements": [
          {
            "id": "36a0fc48",
            "settings": {
              "type": "image",
              "image": "%%ak-ad-970X90%%",
              "image_link": "#"
            },
            "elements": [],
            "isInner": false,
            "widgetType": "newsy_ad",
            "elType": "widget"
          }
        ],
        "isInner": false,
        "elType": "column"
      }
    ],
    "isInner": false,
    "elType": "section"
  },
  {
    "id": "3df1572c",
    "settings": {
      "margin": {
        "unit": "px",
        "top": "40",
        "right": 0,
        "bottom": "40",
        "left": 0,
        "isLinked": true
      }
    },
    "elements": [
      {
        "id": "2605273f",
        "settings": { "_column_size": 100, "_inline_size": null },
        "elements": [
          {
            "id": "28cc7173",
            "settings": {
              "title": "Wellness",
              "title_size": "27px",
              "title_line_height": "38px",
              "header_style": "style-15",
              "header_line_color": "#E0E0E0",
              "header_title_bg_color": "#46A700",
              "category": "%%ak-wellness%%",
              "tabs_all_text": "All",
              "module_5_custom_enabled": "yes",
              "module_5_custom_parts_-_show_excerpt": "hide",
              "module_5_custom_parts_-_show_meta": "hide",
              "module_5_custom_parts_-_show_category_type": "badge",
              "block_extra_classes": "ak-block-module-center-elements"
            },
            "elements": [],
            "isInner": false,
            "widgetType": "newsy_block_9",
            "elType": "widget"
          }
        ],
        "isInner": false,
        "elType": "column"
      }
    ],
    "isInner": false,
    "elType": "section"
  },
  {
    "id": "3a312ef1",
    "settings": {
      "margin": {
        "unit": "px",
        "top": "40",
        "right": 0,
        "bottom": "40",
        "left": 0,
        "isLinked": true
      }
    },
    "elements": [
      {
        "id": "1b742f14",
        "settings": { "_column_size": 100, "_inline_size": null },
        "elements": [
          {
            "id": "4c299b0f",
            "settings": {
              "title": "Food & Drink",
              "title_size": "27px",
              "title_line_height": "38px",
              "header_style": "style-15",
              "header_line_color": "#E0E0E0",
              "header_title_bg_color": "#9FA500",
              "category": "%%ak-food-drink%%",
              "tabs_all_text": "All",
              "module_5_custom_enabled": "yes",
              "module_5_custom_parts_-_show_excerpt": "hide",
              "module_5_custom_parts_-_show_meta": "hide",
              "module_5_custom_parts_-_show_category_type": "badge",
              "block_extra_classes": "ak-block-module-center-elements"
            },
            "elements": [],
            "isInner": false,
            "widgetType": "newsy_block_9",
            "elType": "widget"
          }
        ],
        "isInner": false,
        "elType": "column"
      }
    ],
    "isInner": false,
    "elType": "section"
  },
  {
    "id": "309ccf2c",
    "settings": {
      "margin_tablet": {
        "unit": "px",
        "top": "30",
        "right": 0,
        "bottom": "30",
        "left": 0,
        "isLinked": true
      }
    },
    "elements": [
      {
        "id": "39d1b12d",
        "settings": { "_column_size": 100, "_inline_size": null },
        "elements": [
          {
            "id": "2f2c34c7",
            "settings": {
              "type": "image",
              "image": "%%ak-ad-970X90%%",
              "image_link": "#"
            },
            "elements": [],
            "isInner": false,
            "widgetType": "newsy_ad",
            "elType": "widget"
          }
        ],
        "isInner": false,
        "elType": "column"
      }
    ],
    "isInner": false,
    "elType": "section"
  },
  {
    "id": "3d4077bf",
    "settings": {
      "margin": {
        "unit": "px",
        "top": "40",
        "right": 0,
        "bottom": "40",
        "left": 0,
        "isLinked": true
      }
    },
    "elements": [
      {
        "id": "19db9adb",
        "settings": { "_column_size": 100, "_inline_size": null },
        "elements": [
          {
            "id": "170af8c6",
            "settings": {
              "title": "Work & Life",
              "title_size": "27px",
              "title_line_height": "38px",
              "header_style": "style-15",
              "header_line_color": "#E0E0E0",
              "header_title_bg_color": "#0D0ECA",
              "category": "%%ak-work-life%%",
              "tabs_all_text": "All",
              "module_5_custom_enabled": "yes",
              "module_5_custom_parts_-_show_excerpt": "hide",
              "module_5_custom_parts_-_show_meta": "hide",
              "module_5_custom_parts_-_show_category_type": "badge",
              "block_extra_classes": "ak-block-module-center-elements"
            },
            "elements": [],
            "isInner": false,
            "widgetType": "newsy_block_9",
            "elType": "widget"
          }
        ],
        "isInner": false,
        "elType": "column"
      }
    ],
    "isInner": false,
    "elType": "section"
  },
  {
    "id": "938a3e6",
    "settings": {
      "margin": {
        "unit": "px",
        "top": "40",
        "right": 0,
        "bottom": "40",
        "left": 0,
        "isLinked": true
      }
    },
    "elements": [
      {
        "id": "530503b4",
        "settings": { "_column_size": 100, "_inline_size": null },
        "elements": [
          {
            "id": "528c51c1",
            "settings": {
              "title": "Travel",
              "title_size": "27px",
              "title_line_height": "38px",
              "header_style": "style-15",
              "header_line_color": "#E0E0E0",
              "header_title_bg_color": "#712FCB",
              "category": "%%ak-travel%%",
              "tabs_all_text": "All",
              "module_5_custom_enabled": "yes",
              "module_5_custom_parts_-_show_excerpt": "hide",
              "module_5_custom_parts_-_show_meta": "hide",
              "module_5_custom_parts_-_show_category_type": "badge",
              "block_extra_classes": "ak-block-module-center-elements"
            },
            "elements": [],
            "isInner": false,
            "widgetType": "newsy_block_9",
            "elType": "widget"
          }
        ],
        "isInner": false,
        "elType": "column"
      }
    ],
    "isInner": false,
    "elType": "section"
  }
]
