{
  "site_layout_style": "full-width",
  "site_width": "1230px",
  "site_boxed_inner_width": "1260px",
  "builder_header_desktop": {
    "order": ["top", "mid", "bottom"],
    "mid": {
      "left": {
        "layout": "normal",
        "items": ["logo"]
      },
      "center": {
        "layout": "grow",
        "align": "left",
        "items": ["main_menu"]
      },
      "right": {
        "layout": "normal",
        "items": ["search", "dark_mode", "button_create", "user"]
      }
    }
  },
  "builder_header_mobile": {
    "mobile": {
      "left": {
        "items": ["menu_handler"]
      },
      "center": {
        "items": ["logo"]
      },
      "right": {
        "items": ["user"]
      }
    }
  },
  "builder_header_sticky": {
    "sticky": {
      "left": {
        "layout": "normal",
        "items": ["logo"]
      },
      "center": {
        "layout": "grow",
        "align": "left",
        "items": ["main_menu"]
      },
      "right": {
        "layout": "normal",
        "items": ["search"]
      }
    }
  },
  "builder_drawer": {
    "drawer": {
      "left": {
        "items": ["logo", "mobile_menu", "top_menu"]
      },
      "center": {
        "layout": "grow",
        "align": "left"
      },
      "right": {
        "align": "left",
        "items": ["footer_copyright", "badge_menu", "button1"]
      }
    }
  },
  "header_wrap_shadow": "active",
  "header_mid_bar_style": {
    "border": {
      "top": {
        "style": "solid",
        "width": "3px",
        "color": "#377dce"
      }
    }
  },
  "header_mid_height": "60",
  "header_bottom_height": "60",
  "logo_type": "image",
  "typ_header_logo": {
    "family": "Inter",
    "subset": "latin",
    "size": "35px"
  },
  "main_menu_more_enabled": "active",
  "main_menu_style": "style-1",
  "typ_top_bar_menu": {
    "family": "Inter",
    "subset": "latin",
    "size": "12px",
    "line-height": "30px"
  },
  "typ_top_bar_date": {
    "size": "12px",
    "line-height": "35px",
    "color": "#ffffff"
  },
  "header_social_icons": "facebook,twitter,google,youtube,instagram,soundcloud,pinterest,rss",
  "search_button_icon_color": "#191919",
  "search_button_hover_icon_color": "#ffffff",
  "search_button_hover_bg_color": "#000000",
  "header_button_create": {
    "text": "Create",
    "target": "_self",
    "style": "rounded",
    "bg_color": "rgb(163,25,255)",
    "bg_hover_color": "rgb(130,36,227)",
    "border_color": "rgb(188,73,255)",
    "border_hover_color": "rgb(188,73,255)"
  },
  "header_button1": {
    "text": "Create",
    "link": "/editor",
    "target": "_self",
    "style": "rounded",
    "bg_color": "#bc49ff",
    "bg_hover_color": "#aa19ff",
    "border_color": "#bc49ff",
    "login": "yes"
  },
  "builder_footer": {
    "order": ["top", "mid", "bottom"],
    "top": {
      "center": {
        "align": "left"
      }
    },
    "mid": {
      "left": {
        "items": ["footer_logo"]
      },
      "right": {
        "items": ["footer_social_icons"]
      }
    },
    "bottom": {
      "left": {
        "items": ["footer_copyright"]
      },
      "center": {
        "align": "left"
      },
      "right": {
        "items": ["footer_menu"]
      }
    }
  },
  "footer_mid_bar_style": {
    "background": {
      "color": "#f2f2f2"
    }
  },
  "footer_mid_height": "100",
  "footer_bottom_bar_style": {
    "background": {
      "color": "#f2f2f2"
    }
  },
  "footer_bottom_height": "60",
  "footer_menu_style": "style-6",
  "footer_social_icons": "facebook,twitter,google,youtube,instagram,soundcloud",
  "footer_social_icons_style": "light-circle",
  "footer_copyright": "\u00a9 #year# <a href=\"#siteurl#\" title=\"#title#\">#sitename#</a> - #title#  theme by <a href=\"http://akbilisim.com\" title=\"akbilisim\">akbilisim</a>.",
  "post_template": "style-1",
  "post_sticky_enabled": "yes",
  "builder_post_sticky": {
    "sticky": {
      "left": {
        "items": ["post_title"]
      },
      "right": {
        "layout": "normal",
        "items": ["post_share"]
      }
    }
  },
  "post_layout": "style-1",
  "post_primary_sidebar": "post-sidebar",
  "post_social_share_sites": "facebook,twitter,pinterest,email,reddit,tumblr,whatsapp,viber",
  "post_social_share_show_count": "4",
  "post_social_share_count": "total-each",
  "post_social_share_bottom": "hide",
  "post_voting_position": "meta_left",
  "post_voting_style": "style-2",
  "post_voting_count_type": "items_count",
  "post_voting_up_icon": "fa-thumbs-o-up",
  "post_voting_down_icon": "fa-thumbs-o-down",
  "post_autoload": "enabled",
  "post_autoload_inline": "enabled",
  "views_ranking": [
    {
      "view": "1",
      "icon": "akfi-trending_up"
    },
    {
      "view": "500",
      "icon": "akfi-fire",
      "color": "#edaa02"
    },
    {
      "view": "1000",
      "icon": "akfi-power",
      "color": "#d88531"
    },
    {
      "view": "2000",
      "icon": "fa-rocket",
      "color": "#c44b2d"
    },
    {
      "view": "3500",
      "icon": "akfi-rocket",
      "color": "#d40808"
    }
  ],
  "post_related_loop": "newsy_list_2",
  "post_related_loop_custom_enabled": "yes",
  "post_related_loop_custom_parts": {
    "show_excerpt": "hide",
    "show_meta": "hide",
    "show_author_icon": "hide",
    "show_author": "hide",
    "date_format": "ago"
  },
  "post_related_loop_posts_count": "3",
  "post_related_block_width": "3",
  "post_comments_form_remove_url": "yes",
  "site_highlight_color": "#1880bc",
  "site_block_color": "#1880bc",
  "cat_badge_bg_color": "#1880bc",
  "typo_body_font": {
    "family": "Inter",
    "subset": "latin"
  },
  "typo_heading": {
    "family": "Poppins",
    "variant": "700"
  },
  "typ_header_menu": {
    "family": "Poppins",
    "variant": "700",
    "transform": "uppercase"
  },
  "main_menu_bottom_border_hover_color": "#1880bc",
  "typo_single_post_title": {
    "family": "Poppins",
    "variant": "700",
    "size": "38px"
  },
  "typo_single_post_summary": {
    "size": "20px",
    "line-height": "1.5em"
  },
  "typo_single_post_content": {
    "family": "Inter",
    "subset": "latin",
    "size": "17px"
  },
  "typo_general_block_header_title": {
    "family": "Inter",
    "variant": "500",
    "subset": "latin",
    "size": "18px",
    "line-height": "32px",
    "letter-spacing": "-0.07px"
  },
  "typo_general_block_header_tabs": {
    "family": "Inter",
    "subset": "latin"
  },
  "block_load_more_width": "100",
  "block_load_more_bg_color": "#ffffff",
  "block_load_more_text_color": "#868686",
  "block_load_more_border_color": "#e2e2e2",
  "block_load_more_hover_bg_color": "#545454",
  "block_load_more_hover_text_color": "#ffffff",
  "block_load_more_hover_border_color": "#444444",
  "module_1_parts": {
    "title_length": "60",
    "show_author_icon": "hide",
    "show_author": "hide",
    "show_comment_count": "hide",
    "show_share_count": "hide",
    "date_format": "custom",
    "custom_date_format": "M j, g:i a",
    "show_category": "hide"
  },
  "module_1_large_parts": {
    "date_format": "custom",
    "custom_date_format": "M j, g:i a"
  },
  "module_1_medium_parts": {
    "date_format": "custom",
    "custom_date_format": "M j, g:i a"
  },
  "module_1_small_parts": {
    "show_author_icon": "hide",
    "show_author": "hide",
    "date_format": "ago"
  },
  "module_2_parts": {
    "show_author_icon": "hide",
    "date_format": "custom",
    "custom_date_format": "M j, g:i a"
  },
  "module_2_wide_parts": {
    "show_author_icon": "hide",
    "date_format": "custom",
    "custom_date_format": "M j, g:i a"
  },
  "module_3_parts": {
    "date_format": "custom",
    "custom_date_format": "M j, g:i a"
  },
  "module_grid_big_parts": {
    "show_author_icon": "hide",
    "date_format": "ago",
    "show_category_type": "inline_badge"
  },
  "module_grid_small_parts": {
    "show_author_icon": "hide",
    "show_author": "hide",
    "date_format": "ago",
    "show_category_type": "inline_badge"
  },
  "module_grid_tall_parts": {
    "show_author_icon": "hide",
    "show_author": "hide",
    "date_format": "ago",
    "show_category_type": "inline_badge"
  },
  "module_grid_wide_parts": {
    "show_author_icon": "hide",
    "show_author": "hide",
    "date_format": "ago",
    "show_category_type": "inline_badge"
  },
  "module_grid_wide_big_parts": {
    "show_author_icon": "hide",
    "date_format": "ago",
    "show_category_type": "inline_badge"
  }
}
