[
  {
    "id": "4cfad1ea",
    "settings": {
      "content_width": { "unit": "px", "size": 1220, "sizes": [] },
      "background_background": "classic",
      "background_color": "#0000000A",
      "margin": {
        "unit": "px",
        "top": "-30",
        "right": 0,
        "bottom": "0",
        "left": 0,
        "isLinked": false
      },
      "padding": {
        "unit": "px",
        "top": "10",
        "right": "0",
        "bottom": "10",
        "left": "0",
        "isLinked": false
      }
    },
    "elements": [
      {
        "id": "5e7feab8",
        "settings": { "_column_size": 100, "_inline_size": null },
        "elements": [
          {
            "id": "72613475",
            "settings": { "category": "%%ak-featured%%" },
            "elements": [],
            "isInner": false,
            "widgetType": "newsy_grid_1",
            "elType": "widget"
          }
        ],
        "isInner": false,
        "elType": "column"
      }
    ],
    "isInner": false,
    "elType": "section"
  },
  {
    "id": "3b2e9b45",
    "settings": {
      "content_width": { "unit": "px", "size": 1220, "sizes": [] },
      "structure": "32",
      "column_position": "top",
      "height": "min-height"
    },
    "elements": [
      {
        "id": "d7dee9",
        "settings": { "_column_size": 50, "_inline_size": 46 },
        "elements": [
          {
            "id": "669cb29c",
            "settings": {
              "title": "Latest Lists",
              "count": 5,
              "tabs_all_text": "All"
            },
            "elements": [],
            "isInner": false,
            "widgetType": "newsy_list_1",
            "elType": "widget"
          },
          {
            "id": "bda6258",
            "settings": {
              "title": "Trending Polls",
              "header_style": "style-1",
              "header_line_color": "#E88900",
              "header_title_color": "#E88900",
              "count": 2,
              "tabs_all_text": "All",
              "custom_enabled": "yes",
              "custom_parts_-_show_excerpt": "hide",
              "custom_parts_-_show_author_icon": "hide",
              "custom_parts_-_show_author": "hide",
              "custom_parts_-_show_comment_count": "hide",
              "custom_parts_-_show_category": "hide",
              "offset": 5
            },
            "elements": [],
            "isInner": false,
            "widgetType": "newsy_list_2",
            "elType": "widget"
          },
          {
            "id": "79277328",
            "settings": { "count": 5, "tabs_all_text": "All", "offset": 7 },
            "elements": [],
            "isInner": false,
            "widgetType": "newsy_list_1",
            "elType": "widget"
          },
          {
            "id": "1886f4d8",
            "settings": {
              "title": "Most Popular Videos",
              "header_style": "style-1",
              "header_line_color": "#DD3333",
              "header_title_color": "#DD3333",
              "count": 3,
              "tabs_all_text": "All",
              "custom_enabled": "yes",
              "custom_parts_-_show_excerpt": "hide",
              "custom_parts_-_show_author_icon": "hide",
              "custom_parts_-_show_author": "hide",
              "custom_parts_-_show_comment_count": "hide",
              "custom_parts_-_show_category": "hide",
              "order_by": "popular_week",
              "taxonomy": "post_format:post-format-video",
              "block_width": "3"
            },
            "elements": [],
            "isInner": false,
            "widgetType": "newsy_list_2",
            "elType": "widget"
          },
          {
            "id": "51c1ef90",
            "settings": {
              "count": 5,
              "tabs_all_text": "All",
              "offset": 12,
              "pagination": "infinity_load_more",
              "infinity_break_count": 5
            },
            "elements": [],
            "isInner": false,
            "widgetType": "newsy_list_1",
            "elType": "widget"
          }
        ],
        "isInner": false,
        "elType": "column"
      },
      {
        "id": "21fa8667",
        "settings": {
          "_column_size": 25,
          "_inline_size": 28,
          "hide_tablet": "hidden-tablet"
        },
        "elements": [
          {
            "id": "2cddd6",
            "settings": {
              "title": "Latest News",
              "header_style": "style-1",
              "header_line_color": "#90281B",
              "header_title_color": "#90281B",
              "pagination": "infinity_load_more",
              "tabs_all_text": "All",
              "custom_enabled": "yes",
              "custom_parts_-_show_excerpt": "hide",
              "custom_parts_-_show_meta": "hide",
              "custom_parts_-_show_category": "hide",
              "count": 7,
              "offset": 14
            },
            "elements": [],
            "isInner": false,
            "widgetType": "newsy_list_2_wide",
            "elType": "widget"
          }
        ],
        "isInner": false,
        "elType": "column"
      },
      {
        "id": "31c0be78",
        "settings": {
          "_column_size": 25,
          "_inline_size": 26,
          "css_classes": "sticky-column"
        },
        "elements": [
          {
            "id": "4bae3013",
            "settings": {
              "title": "Latest Videos",
              "header_style": "style-1",
              "header_line_color": "#E88900",
              "header_title_color": "#E88900",
              "count": 7,
              "taxonomy": "post_format:post-format-video",
              "tabs_all_text": "All",
              "custom_enabled": "yes",
              "custom_parts_-_show_excerpt": "hide",
              "custom_parts_-_show_meta": "hide",
              "item_margin": 1
            },
            "elements": [],
            "isInner": false,
            "widgetType": "newsy_list_3",
            "elType": "widget"
          },
          {
            "id": "69059dc4",
            "settings": {
              "type": "image",
              "image": "%%ak-ad-300X250%%",
              "image_link": "#"
            },
            "elements": [],
            "isInner": false,
            "widgetType": "newsy_ad",
            "elType": "widget"
          },
          {
            "id": "10d781bd",
            "settings": {
              "title": "Today's Top Posts",
              "header_style": "style-1",
              "header_line_color": "#D92B2B",
              "header_title_color": "#D92B2B",
              "count": 10,
              "order_by": "popular_week",
              "tabs_all_text": "All",
              "custom_enabled": "yes",
              "custom_parts_-_show_excerpt": "hide",
              "custom_parts_-_show_author_icon": "hide",
              "custom_parts_-_show_author": "hide",
              "custom_parts_-_show_comment_count": "hide",
              "custom_parts_-_show_date": "hide",
              "custom_parts_-_show_category": "hide",
              "numeric_items_style": "style-1"
            },
            "elements": [],
            "isInner": false,
            "widgetType": "newsy_list_2_wide",
            "elType": "widget"
          }
        ],
        "isInner": false,
        "elType": "column"
      }
    ],
    "isInner": false,
    "elType": "section"
  }
]
