[
  {
    "id": "2f7fb7e",
    "settings": {
      "layout": "full_width",
      "gap": "no",
      "stretch_section": "section-stretched",
      "margin": {
        "unit": "px",
        "top": "-30",
        "right": 0,
        "bottom": "0",
        "left": 0,
        "isLinked": false
      }
    },
    "elements": [
      {
        "id": "72323613",
        "settings": { "_column_size": 100, "_inline_size": null },
        "elements": [
          {
            "id": "754d28a5",
            "settings": {
              "slide_count_desktop": 5,
              "slider_count": 5,
              "slider_scroll_items": 1,
              "slider_item_margin": 1,
              "custom_enabled": "yes",
              "custom_parts_-_show_author_icon": "hide",
              "custom_parts_-_show_author": "hide",
              "custom_parts_-_show_category_type": "inline_badge",
              "custom_parts_-_show_format_icon": "hide"
            },
            "elements": [],
            "isInner": false,
            "widgetType": "newsy_slider_2",
            "elType": "widget"
          }
        ],
        "isInner": false,
        "elType": "column"
      }
    ],
    "isInner": false,
    "elType": "section"
  },
  {
    "id": "76fbca0c",
    "settings": {
      "custom_height_mobile": { "unit": "vw", "size": "", "sizes": [] },
      "padding": {
        "unit": "px",
        "top": "40",
        "right": "0",
        "bottom": "40",
        "left": "0",
        "isLinked": false
      },
      "hide_tablet": "hidden-tablet",
      "hide_mobile": "hidden-mobile"
    },
    "elements": [
      {
        "id": "3903f726",
        "settings": { "_column_size": 100, "_inline_size": null },
        "elements": [
          {
            "id": "71adeeeb",
            "settings": {
              "type": "image",
              "image": "%%ak-ad-970X250%%",
              "image_link": "#"
            },
            "elements": [],
            "isInner": false,
            "widgetType": "newsy_ad",
            "elType": "widget"
          }
        ],
        "isInner": false,
        "elType": "column"
      }
    ],
    "isInner": false,
    "elType": "section"
  },
  {
    "id": "4a9d609a",
    "settings": {
      "height": "min-height",
      "column_position": "top",
      "structure": "22",
      "content_width": { "unit": "px", "size": 1080, "sizes": [] }
    },
    "elements": [
      {
        "id": "34bb66a",
        "settings": { "_column_size": 66, "_inline_size": null },
        "elements": [
          {
            "id": "4b450474",
            "settings": {
              "count": 5,
              "offset": 10,
              "pagination": "infinity_load_more",
              "infinity_break_count": 5,
              "tabs_all_text": "All"
            },
            "elements": [],
            "isInner": false,
            "widgetType": "newsy_list_8",
            "elType": "widget"
          }
        ],
        "isInner": false,
        "elType": "column"
      },
      {
        "id": "61896ea7",
        "settings": {
          "_column_size": 33,
          "_inline_size": null,
          "css_classes": "sticky-column",
          "hide_mobile": "hidden-mobile"
        },
        "elements": [
          {
            "id": "60417af9",
            "settings": { "author": "1" },
            "elements": [],
            "isInner": false,
            "widgetType": "newsy_author_box",
            "elType": "widget"
          },
          {
            "id": "328d91db",
            "settings": {
              "type": "image",
              "image": "%%ak-ad-350X300%%",
              "image_link": "#"
            },
            "elements": [],
            "isInner": false,
            "widgetType": "newsy_ad",
            "elType": "widget"
          },
          {
            "id": "7a00b3ad",
            "settings": {
              "title": "Trending",
              "icon": "fa-bolt",
              "count": 7,
              "order_by": "popular_week",
              "tabs_all_text": "All",
              "custom_enabled": "yes",
              "custom_parts_-_show_excerpt": "hide",
              "custom_parts_-_show_meta": "hide",
              "custom_parts_-_show_category": "hide",
              "numeric_items_style": "style-4"
            },
            "elements": [],
            "isInner": false,
            "widgetType": "newsy_list_2_wide",
            "elType": "widget"
          },
          {
            "id": "65706d17",
            "settings": {
              "header_style": "style-14",
              "block_accent_color": "#FF6A00",
              "tabs": "order_filter",
              "tabs_order_by_filter": "latest,comment_count,popular",
              "tabs_all_text": "All"
            },
            "elements": [],
            "isInner": false,
            "widgetType": "newsy_list_1_small",
            "elType": "widget"
          },
          {
            "id": "1b62052b",
            "settings": {
              "social_sites": "facebook,twitter,youtube,instagram,rss",
              "style": "style-3",
              "title": "Stay Connected",
              "icon": "fa-share-alt",
              "header_style": "style-11"
            },
            "elements": [],
            "isInner": false,
            "widgetType": "newsy_social_counter",
            "elType": "widget"
          }
        ],
        "isInner": false,
        "elType": "column"
      }
    ],
    "isInner": false,
    "elType": "section"
  }
]
