[
  {
    "id": "3c12f379",
    "settings": [],
    "elements": [
      {
        "id": "33c835a",
        "settings": { "_column_size": 100, "_inline_size": null },
        "elements": [
          {
            "id": "7f19681b",
            "settings": [],
            "elements": [],
            "isInner": false,
            "widgetType": "newsy_reaction_menu",
            "elType": "widget"
          }
        ],
        "isInner": false,
        "elType": "column"
      }
    ],
    "isInner": false,
    "elType": "section"
  },
  {
    "id": "7f3a95d7",
    "settings": [],
    "elements": [
      {
        "id": "5e810a1f",
        "settings": { "_column_size": 100, "_inline_size": null },
        "elements": [
          {
            "id": "57d97164",
            "settings": {
              "block_accent_color": "#F7D200",
              "slider_scroll_items": 1,
              "slider_item_margin": 1,
              "slider_stage_padding": 0,
              "order_by": "popular_week",
              "block_extra_classes": "ak-block-module-thumb-round"
            },
            "elements": [],
            "isInner": false,
            "widgetType": "newsy_slider_1",
            "elType": "widget"
          }
        ],
        "isInner": false,
        "elType": "column"
      }
    ],
    "isInner": false,
    "elType": "section"
  },
  {
    "id": "523bb015",
    "settings": [],
    "elements": [
      {
        "id": "29927fe2",
        "settings": { "_column_size": 100, "_inline_size": null },
        "elements": [
          {
            "id": "47808f4d",
            "settings": {
              "gradient": "tg-highlight",
              "block_extra_classes": "ak-block-module-thumb-round"
            },
            "elements": [],
            "isInner": false,
            "widgetType": "newsy_grid_2",
            "elType": "widget"
          }
        ],
        "isInner": false,
        "elType": "column"
      }
    ],
    "isInner": false,
    "elType": "section"
  },
  {
    "id": "4e05a0a6",
    "settings": [],
    "elements": [
      {
        "id": "7789ebab",
        "settings": { "_column_size": 100, "_inline_size": null },
        "elements": [
          {
            "id": "46e74e3a",
            "settings": {
              "type": "image",
              "image": "%%ak-ad-970X90%%",
              "image_link": "#"
            },
            "elements": [],
            "isInner": false,
            "widgetType": "newsy_ad",
            "elType": "widget"
          }
        ],
        "isInner": false,
        "elType": "column"
      }
    ],
    "isInner": false,
    "elType": "section"
  },
  {
    "id": "20a3a2a0",
    "settings": { "gap": "extended", "structure": "22" },
    "elements": [
      {
        "id": "5249a71d",
        "settings": { "_column_size": 66, "_inline_size": null },
        "elements": [
          {
            "id": "5ccaf105",
            "settings": {
              "count": 10,
              "offset": 4,
              "tabs_all_text": "All",
              "custom_enabled": "yes",
              "custom_parts_-_show_author_icon": "hide",
              "custom_parts_-_show_category_type": "badge",
              "block_extra_classes": "ak-block-module-thumb-round"
            },
            "elements": [],
            "isInner": false,
            "widgetType": "newsy_list_2",
            "elType": "widget"
          }
        ],
        "isInner": false,
        "elType": "column"
      },
      {
        "id": "1d533b8e",
        "settings": { "_column_size": 33, "_inline_size": null },
        "elements": [
          {
            "id": "2bd2c959",
            "settings": { "sidebar": "primary-sidebar" },
            "elements": [],
            "isInner": false,
            "widgetType": "sidebar",
            "elType": "widget"
          }
        ],
        "isInner": false,
        "elType": "column"
      }
    ],
    "isInner": false,
    "elType": "section"
  },
  {
    "id": "3bc81eea",
    "settings": {
      "padding": {
        "unit": "px",
        "top": "40",
        "right": "0",
        "bottom": "40",
        "left": "0",
        "isLinked": false
      },
      "css_classes": "dark"
    },
    "elements": [
      {
        "id": "21c768f5",
        "settings": { "_column_size": 100, "_inline_size": null },
        "elements": [
          {
            "id": "4f0e446a",
            "settings": {
              "taxonomy": "post_format:post-format-video",
              "tabs_all_text": "All",
              "custom_enabled": "yes",
              "custom_parts_-_show_excerpt": "hide",
              "custom_parts_-_show_meta": "hide",
              "custom_parts_-_show_category": "hide",
              "block_extra_classes": "ak-block-module-thumb-round"
            },
            "elements": [],
            "isInner": false,
            "widgetType": "newsy_list_3",
            "elType": "widget"
          }
        ],
        "isInner": false,
        "elType": "column"
      }
    ],
    "isInner": false,
    "elType": "section"
  },
  {
    "id": "6db2831a",
    "settings": {
      "gap": "extended",
      "height": "min-height",
      "column_position": "top",
      "structure": "22",
      "margin": {
        "unit": "px",
        "top": "30",
        "right": 0,
        "bottom": "30",
        "left": 0,
        "isLinked": true
      }
    },
    "elements": [
      {
        "id": "be56617",
        "settings": { "_column_size": 66, "_inline_size": null },
        "elements": [
          {
            "id": "4a08a9a6",
            "settings": {
              "title": "Latest Posts",
              "count": 5,
              "offset": 20,
              "pagination": "load_more",
              "tabs_all_text": "All",
              "block_extra_classes": "ak-block-module-thumb-round"
            },
            "elements": [],
            "isInner": false,
            "widgetType": "newsy_list_1_medium",
            "elType": "widget"
          }
        ],
        "isInner": false,
        "elType": "column"
      },
      {
        "id": "2783fee0",
        "settings": {
          "_column_size": 33,
          "_inline_size": null,
          "css_classes": "sticky-column"
        },
        "elements": [
          {
            "id": "654fce7d",
            "settings": {
              "type": "image",
              "image": "%%ak-ad-300X600%%",
              "image_link": "#",
              "hide_tablet": "hidden-tablet",
              "hide_mobile": "hidden-mobile"
            },
            "elements": [],
            "isInner": false,
            "widgetType": "newsy_ad",
            "elType": "widget"
          }
        ],
        "isInner": false,
        "elType": "column"
      }
    ],
    "isInner": false,
    "elType": "section"
  },
  {
    "id": "4a544718",
    "settings": [],
    "elements": [
      {
        "id": "5c7c3c03",
        "settings": { "_column_size": 100, "_inline_size": null },
        "elements": [
          {
            "id": "533bc6dc",
            "settings": {
              "title": "Don\u2019t Miss",
              "count": 8,
              "order_by": "random",
              "tabs_all_text": "All",
              "custom_enabled": "yes",
              "custom_parts_-_show_excerpt": "hide",
              "custom_parts_-_show_meta": "hide",
              "custom_parts_-_show_category": "hide",
              "block_width": "4"
            },
            "elements": [],
            "isInner": false,
            "widgetType": "newsy_list_2",
            "elType": "widget"
          }
        ],
        "isInner": false,
        "elType": "column"
      }
    ],
    "isInner": false,
    "elType": "section"
  }
]
