[
  {
    "id": "1605621a",
    "settings": { "structure": "22" },
    "elements": [
      {
        "id": "c5d2419",
        "settings": { "_column_size": 66, "_inline_size": null },
        "elements": [
          {
            "id": "7756ccc3",
            "settings": {
              "header_style": "style-14",
              "count": 10,
              "tabs": "order_filter",
              "tabs_order_by_filter": "latest,popular_week,voting_up,share_count,comment_count",
              "tabs_all_text": "All"
            },
            "elements": [],
            "isInner": false,
            "widgetType": "newsy_list_14",
            "elType": "widget"
          }
        ],
        "isInner": false,
        "elType": "column"
      },
      {
        "id": "e2305c5",
        "settings": { "_column_size": 33, "_inline_size": null },
        "elements": [
          {
            "id": "775ac570",
            "settings": { "sidebar": "primary-sidebar" },
            "elements": [],
            "isInner": false,
            "widgetType": "sidebar",
            "elType": "widget"
          }
        ],
        "isInner": false,
        "elType": "column"
      }
    ],
    "isInner": false,
    "elType": "section"
  }
]
