[
  {
    "id": "100b21f9",
    "settings": {
      "height": "min-height",
      "custom_height": { "unit": "px", "size": 154, "sizes": [] },
      "background_background": "classic",
      "background_color": "#614c4c",
      "background_image": {
        "url": "%attachment_url%ak-media-trending-bg%attachment_url%",
        "id": "%%ak-media-trending-bg%%",
        "alt": "",
        "source": "library"
      },
      "background_position": "bottom center",
      "background_repeat": "no-repeat",
      "margin": {
        "unit": "px",
        "top": "-30",
        "right": 0,
        "bottom": "0",
        "left": 0,
        "isLinked": false
      }
    },
    "elements": [
      {
        "id": "64d96e1a",
        "settings": { "_column_size": 100, "_inline_size": null },
        "elements": [
          {
            "id": "593bf310",
            "settings": {
              "title": "TRENDING",
              "align": "center",
              "title_color": "#FFFFFF",
              "typography_typography": "custom",
              "typography_font_size": {
                "unit": "px",
                "size": 43,
                "sizes": []
              }
            },
            "elements": [],
            "isInner": false,
            "widgetType": "heading",
            "elType": "widget"
          }
        ],
        "isInner": false,
        "elType": "column"
      }
    ],
    "isInner": false,
    "elType": "section"
  },
  {
    "id": "1d13ae57",
    "settings": {
      "padding": {
        "unit": "px",
        "top": "50",
        "right": "0",
        "bottom": "50",
        "left": "0",
        "isLinked": false
      }
    },
    "elements": [
      {
        "id": "5fd1f937",
        "settings": { "_column_size": 100, "_inline_size": null },
        "elements": [
          {
            "id": "feeddd7",
            "settings": {
              "count": 10,
              "order_by": "voting_avg"
            },
            "elements": [],
            "isInner": false,
            "widgetType": "newsy_list_14",
            "elType": "widget"
          }
        ],
        "isInner": false,
        "elType": "column"
      }
    ],
    "isInner": false,
    "elType": "section"
  }
]
