{
  "site_layout": "style-7",
  "site_width": "1400px",
  "site_boxed_inner_width": "1260px",
  "builder_header_desktop": {
    "order": ["top", "mid", "bottom"],
    "top": {
      "left": {
        "items": ["top_menu"]
      },
      "right": {
        "layout": "normal",
        "items": ["date", "divider3", "social_icons"]
      }
    },
    "mid": {
      "left": {
        "layout": "normal",
        "items": ["logo"]
      },
      "right": {
        "items": ["ad1"]
      }
    },
    "bottom": {
      "scheme": "dark",
      "left": {
        "items": ["main_menu"]
      },
      "right": {
        "layout": "normal",
        "items": ["menu_handler", "search", "shop", "dark_mode", "user"]
      }
    }
  },
  "builder_header_mobile": {
    "mobile": {
      "scheme": "dark",
      "left": {
        "items": ["menu_handler"]
      },
      "center": {
        "items": ["mobile_logo"]
      },
      "right": {
        "items": ["search"]
      }
    }
  },
  "builder_header_sticky": {
    "sticky": {
      "scheme": "dark",
      "left": {
        "items": ["main_menu"]
      },
      "right": {
        "layout": "normal",
        "items": ["menu_handler", "search"]
      }
    }
  },
  "builder_drawer": {
    "drawer": {
      "left": {
        "items": ["mobile_logo"]
      },
      "center": {
        "items": ["mobile_menu"]
      },
      "right": {
        "items": ["social_icons", "footer_copyright"]
      }
    }
  },
  "header_style": "style-12",
  "header_mid_height": "140",
  "header_bottom_bar_style": {
    "background": {
      "color": "#ff0036"
    }
  },
  "header_sticky_type": "simple",
  "header_sticky_bar_style": {
    "background": {
      "color": "#ff0036"
    }
  },
  "header_sticky_height": "50",
  "header_mobile_bar_style": {
    "background": {
      "color": "#ff0036"
    }
  },
  "logo_type": "image",
  "logo_image": "%attachment_url%ak-newsy-logo%attachment_url%",
  "logo2x_image": "%attachment_url%ak-newsy-logo2x%attachment_url%",
  "logo_dark_image": "%attachment_url%ak-newsy-logo-dark%attachment_url%",
  "logo2x_dark_image": "%attachment_url%ak-newsy-logo-dark2x%attachment_url%",
  "main_logo_width": "230",
  "mobile_logo_type": "image",
  "mobile_logo_image": "%attachment_url%ak-newsy-logo%attachment_url%",
  "mobile_logo2x_image": "%attachment_url%ak-newsy-logo2x%attachment_url%",
  "mobile_logo_dark_image": "%attachment_url%ak-newsy-logo-dark%attachment_url%",
  "mobile_logo2x_dark_image": "%attachment_url%ak-newsy-logo-dark2x%attachment_url%",
  "main_menu_style": "style-3",
  "typ_top_bar_date": {
    "size": "14px",
    "line-height": "35px"
  },
  "header_social_icons": "facebook,twitter,google,youtube,instagram,soundcloud,pinterest,rss",
  "header_ad1": {
    "type": "image",
    "image": "%%ak-ad-970X90%%",
    "image_link": "#"
  },
  "builder_footer": {
    "order": ["top", "mid", "bottom"],
    "top": {
      "center": {
        "items": ["footer_ad1"]
      }
    },
    "mid": {
      "scheme": "dark",
      "left": {
        "items": ["footer_social_icons"]
      },
      "center": {
        "items": ["footer_logo"]
      },
      "right": {
        "items": ["footer_menu"]
      }
    }
  },
  "footer_top_height": "195",
  "footer_mid_bar_style": {
    "background": {
      "color": "#0f0f0f"
    }
  },
  "footer_style": "style-1",
  "footer_menu_style": "style-4",
  "footer_logo_type": "image",
  "footer_logo_image": "%attachment_url%ak-newsy-logo%attachment_url%",
  "footer_logo2x_image": "%attachment_url%ak-newsy-logo2x%attachment_url%",
  "footer_logo_dark_image": "%attachment_url%ak-newsy-logo-dark%attachment_url%",
  "footer_logo2x_dark_image": "%attachment_url%ak-newsy-logo-dark2x%attachment_url%",
  "footer_social_icons": "youtube,facebook,twitter,instagram",
  "footer_social_icons_style": "light-box",
  "footer_copyright": "\u00a9 #year# <a href=\"#siteurl#\" title=\"#title#\">#sitename#</a> - #title#  theme by <a href=\"http://akbilisim.com\" title=\"akbilisim\">akbilisim</a>.",
  "footer_ad1": {
    "type": "image",
    "image": "%%ak-ad-970X90%%",
    "image_link": "#"
  },
  "category_header_style": "style-8",
  "category_header_css": {
    "background": {
      "image": {
        "img": "%attachment_url%ak-media-header-pattern%attachment_url%",
        "type": "repeat"
      },
      "color": "#000000"
    }
  },
  "category_width": "1000px",
  "category_boxed_inner_width": "1000px",
  "category_grid": "newsy_grid_8",
  "category_loop": "newsy_list_13",
  "category_loop_posts_count": "11",
  "category_loop_item_margin": "45",
  "category_block_classes": "ak-block-module-center-elements",
  "post_template": "style-8",
  "post_layout": "style-4",
  "post_social_share_sites": "facebook,twitter,google_plus,pinterest,reddit,linkedin,tumblr,email",
  "post_social_share_count": "total-each",
  "post_related_loop": "newsy_list_13",
  "post_related_loop_posts_count": "5",
  "post_related_loop_pagination": "infinity",
  "post_related_loop_item_margin": "40",
  "post_related_block_classes": "ak-block-module-center-elements",
  "post_comments_form_remove_url": "yes",
  "site_highlight_color": "#ff0036",
  "site_block_color": "#ed145b",
  "module_title_color": "#ff0036",
  "typo_body_font": {
    "family": "Work Sans",
    "subset": "latin"
  },
  "typo_heading": {
    "family": "Work Sans",
    "variant": "500",
    "subset": "latin"
  },
  "typ_header_menu": {
    "family": "Oswald",
    "subset": "latin",
    "size": "17px",
    "line-height": "50px",
    "letter-spacing": "0.02em",
    "transform": "uppercase"
  },
  "main_menu_a_hover_color": "#ed145b",
  "main_menu_bottom_border_hover_color": "#ed145b",
  "typ_top_bar_menu": {
    "family": "Work Sans",
    "variant": "600",
    "subset": "latin",
    "size": "14px",
    "line-height": "40px"
  },
  "top_bar_menu_a_hover_color": "#ed145b",
  "typo_single_post_title": {
    "family": "Work Sans",
    "variant": "700",
    "subset": "latin",
    "size": "38px"
  },
  "typo_single_post_summary": {
    "size": "20px"
  },
  "typo_single_post_content": {
    "family": "Work Sans",
    "variant": "400",
    "subset": "latin",
    "size": "17px"
  },
  "typo_general_block_header_title": {
    "family": "Oswald",
    "variant": "700",
    "subset": "latin"
  },
  "typo_general_block_header_tabs": {
    "family": "Work Sans",
    "subset": "latin"
  },
  "typo_meta": {
    "family": "Work Sans",
    "variant": "600",
    "subset": "latin",
    "size": "14px"
  },
  "block_load_more_width": "100",
  "block_load_more_bg_color": "#ed145b",
  "block_load_more_text_color": "#ffffff",
  "block_load_more_border_color": "#f20040",
  "module_1_parts": {
    "show_author_icon": "hide",
    "show_author": "hide",
    "show_date": "hide",
    "show_category": "hide"
  },
  "module_1_small_parts": {
    "show_author_icon": "hide",
    "show_author": "hide",
    "date_format": "ago"
  },
  "module_1_small_square_parts": {
    "show_author_icon": "hide",
    "show_author": "hide"
  },
  "module_1_wide_parts": {
    "show_author_icon": "hide",
    "show_author": "hide"
  },
  "module_2_parts": {
    "show_excerpt": "hide",
    "show_author_icon": "hide",
    "show_author": "hide"
  },
  "module_2_wide_parts": {
    "show_excerpt": "hide",
    "show_author_icon": "hide",
    "show_author": "hide"
  },
  "module_2_tall_parts": {
    "show_author_icon": "hide",
    "show_author": "hide"
  },
  "module_3_parts": {
    "show_category_type": "inline_badge"
  },
  "module_5_parts": {
    "show_author_icon": "hide",
    "show_author": "hide",
    "show_category_type": "badge"
  },
  "module_9_parts": {
    "show_author_icon": "hide",
    "show_author": "hide"
  },
  "module_10_parts": {
    "show_author_icon": "hide",
    "show_author": "hide"
  },
  "module_grid_big_parts": {
    "show_author_icon": "hide",
    "show_category_type": "inline_badge",
    "show_badge_icon": "hide"
  },
  "module_grid_small_parts": {
    "show_author_icon": "hide",
    "show_category_type": "inline_badge",
    "show_badge_icon": "hide"
  },
  "module_grid_tall_parts": {
    "show_author_icon": "hide",
    "show_category_type": "inline_badge",
    "show_badge_icon": "hide"
  },
  "module_grid_wide_parts": {
    "show_author_icon": "hide",
    "show_category_type": "inline_badge",
    "show_badge_icon": "hide"
  },
  "module_grid_wide_big_parts": {
    "show_author_icon": "hide",
    "show_category_type": "inline_badge",
    "show_badge_icon": "hide"
  },
  "cat_badge_style": { "background": { "color": "#ff0036" } }
}
