[
  {
    "id": "1fdc5f7f",
    "settings": {
      "structure": "33",
      "reverse_order_mobile": "reverse-mobile"
    },
    "elements": [
      {
        "id": "c358985",
        "settings": { "_column_size": 25, "_inline_size": null },
        "elements": [
          {
            "id": "21102faa",
            "settings": {
              "title": "TRENDING",
              "header_style": "style-15",
              "header_title_bg_color": "#DD3333",
              "count": 5,
              "order_by": "popular_week",
              "tabs_all_text": "All",
              "custom_enabled": "yes",
              "custom_parts_-_show_excerpt": "hide",
              "custom_parts_-_show_meta": "hide",
              "custom_parts_-_show_category": "hide",
              "numeric_items_style": "style-8"
            },
            "elements": [],
            "isInner": false,
            "widgetType": "newsy_list_2_wide",
            "elType": "widget"
          }
        ],
        "isInner": false,
        "elType": "column"
      },
      {
        "id": "341fd43f",
        "settings": { "_column_size": 50, "_inline_size": null },
        "elements": [
          {
            "id": "71a1c4d3",
            "settings": { "grid_height": 1260, "item_margin": 20 },
            "elements": [],
            "isInner": false,
            "widgetType": "newsy_grid_2",
            "elType": "widget"
          }
        ],
        "isInner": false,
        "elType": "column"
      },
      {
        "id": "2b190e2d",
        "settings": {
          "_column_size": 25,
          "_inline_size": null,
          "hide_mobile": "hidden-mobile"
        },
        "elements": [
          {
            "id": "2cb7102",
            "settings": {
              "type": "image",
              "image": "%%ak-ad-300X250%%",
              "image_link": "#"
            },
            "elements": [],
            "isInner": false,
            "widgetType": "newsy_ad",
            "elType": "widget"
          },
          {
            "id": "2f74a721",
            "settings": {
              "header_style": "style-15",
              "count": 10,
              "tabs": "order_filter",
              "tabs_order_by_filter": "latest,comment_count,popular",
              "tabs_all_text": "All",
              "custom_enabled": "yes",
              "custom_parts_-_title_length": 45,
              "custom_parts_-_show_excerpt": "hide",
              "custom_parts_-_show_author_icon": "hide",
              "custom_parts_-_show_author": "hide",
              "custom_parts_-_show_comment_count": "hide",
              "custom_parts_-_show_share_count": "hide",
              "custom_parts_-_show_view_count": "hide",
              "custom_parts_-_show_voting_count": "hide",
              "custom_parts_-_date_format": "ago",
              "custom_parts_-_show_category": "hide"
            },
            "elements": [],
            "isInner": false,
            "widgetType": "newsy_list_1_small_square",
            "elType": "widget"
          }
        ],
        "isInner": false,
        "elType": "column"
      }
    ],
    "isInner": false,
    "elType": "section"
  },
  {
    "id": "3783a418",
    "settings": {
      "margin": {
        "unit": "px",
        "top": "30",
        "right": 0,
        "bottom": "30",
        "left": 0,
        "isLinked": true
      }
    },
    "elements": [
      {
        "id": "59bc5f12",
        "settings": { "_column_size": 100, "_inline_size": null },
        "elements": [
          {
            "id": "47293f5",
            "settings": {
              "title": "MORE STORIES",
              "icon": "fa-newspaper-o",
              "header_style": "style-15",
              "count": 6,
              "tabs_all_text": "All",
              "block_extra_classes": "ak-block-module-center-elements"
            },
            "elements": [],
            "isInner": false,
            "widgetType": "newsy_list_2",
            "elType": "widget"
          }
        ],
        "isInner": false,
        "elType": "column"
      }
    ],
    "isInner": false,
    "elType": "section"
  },
  {
    "id": "6a2bbeee",
    "settings": {
      "padding": {
        "unit": "px",
        "top": "030",
        "right": "0",
        "bottom": "30",
        "left": "0",
        "isLinked": false
      },
      "css_classes": "dark"
    },
    "elements": [
      {
        "id": "502aad31",
        "settings": { "_column_size": 100, "_inline_size": null },
        "elements": [
          {
            "id": "5d380a2e",
            "settings": { "title": "Videos", "header_style": "style-15" },
            "elements": [],
            "isInner": false,
            "widgetType": "newsy_block_header",
            "elType": "widget"
          },
          {
            "id": "1028c7c7",
            "settings": { "structure": "20" },
            "elements": [
              {
                "id": "24a3710f",
                "settings": { "_column_size": 50, "_inline_size": null },
                "elements": [
                  {
                    "id": "330d734f",
                    "settings": {
                      "grid_height": 464,
                      "taxonomy": "post_format:post-format-video"
                    },
                    "elements": [],
                    "isInner": false,
                    "widgetType": "newsy_grid_9",
                    "elType": "widget"
                  }
                ],
                "isInner": true,
                "elType": "column"
              },
              {
                "id": "2166e768",
                "settings": { "_column_size": 50, "_inline_size": null },
                "elements": [
                  {
                    "id": "16fa2950",
                    "settings": {
                      "offset": 1,
                      "taxonomy": "post_format:post-format-video",
                      "tabs_all_text": "All"
                    },
                    "elements": [],
                    "isInner": false,
                    "widgetType": "newsy_list_1",
                    "elType": "widget"
                  }
                ],
                "isInner": true,
                "elType": "column"
              }
            ],
            "isInner": true,
            "elType": "section"
          }
        ],
        "isInner": false,
        "elType": "column"
      }
    ],
    "isInner": false,
    "elType": "section"
  },
  {
    "id": "2d39582",
    "settings": {
      "height": "min-height",
      "column_position": "top",
      "structure": "22",
      "margin": {
        "unit": "px",
        "top": "30",
        "right": 0,
        "bottom": "30",
        "left": 0,
        "isLinked": true
      }
    },
    "elements": [
      {
        "id": "72928c83",
        "settings": { "_column_size": 66, "_inline_size": null },
        "elements": [
          {
            "id": "3a0da938",
            "settings": {
              "title": "MORE NEWS",
              "header_style": "style-15",
              "count": 10,
              "offset": 25,
              "pagination": "load_more",
              "tabs_all_text": "All"
            },
            "elements": [],
            "isInner": false,
            "widgetType": "newsy_list_1_large",
            "elType": "widget"
          }
        ],
        "isInner": false,
        "elType": "column"
      },
      {
        "id": "7ba6b6e5",
        "settings": {
          "_column_size": 33,
          "_inline_size": null,
          "css_classes": "sticky-column"
        },
        "elements": [
          {
            "id": "26425263",
            "settings": {
              "type": "image",
              "image": "%%ak-ad-300X600%%",
              "image_link": "#"
            },
            "elements": [],
            "isInner": false,
            "widgetType": "newsy_ad",
            "elType": "widget"
          },
          {
            "id": "1566186a",
            "settings": {
              "title": "Features",
              "icon": "fa-bookmark",
              "header_style": "style-9",
              "count": 4,
              "tabs": "order_filter",
              "tabs_order_by_filter": "latest,comment_count,popular,popular_week,voting_up,share_count",
              "tabs_all_text": "All"
            },
            "elements": [],
            "isInner": false,
            "widgetType": "newsy_block_3",
            "elType": "widget"
          }
        ],
        "isInner": false,
        "elType": "column"
      }
    ],
    "isInner": false,
    "elType": "section"
  }
]
