[
  {
    "id": "715064fe",
    "settings": {
      "content_width": { "unit": "px", "size": 1180, "sizes": [] }
    },
    "elements": [
      {
        "id": "4e807b18",
        "settings": { "_column_size": 100, "_inline_size": null },
        "elements": [
          {
            "id": "26da288d",
            "settings": {
              "gradient": "tg-simple tg-focus",
              "category": "%%ak-featured%%"
            },
            "elements": [],
            "isInner": false,
            "widgetType": "newsy_grid_13",
            "elType": "widget"
          }
        ],
        "isInner": false,
        "elType": "column"
      }
    ],
    "isInner": false,
    "elType": "section"
  },
  {
    "id": "35c3a34",
    "settings": {
      "margin": {
        "unit": "px",
        "top": "30",
        "right": 0,
        "bottom": "30",
        "left": 0,
        "isLinked": true
      }
    },
    "elements": [
      {
        "id": "40873f5e",
        "settings": { "_column_size": 100, "_inline_size": null },
        "elements": [
          {
            "id": "65d0edc",
            "settings": {
              "type": "image",
              "image": "%%ak-ad-970X90%%",
              "image_link": "#"
            },
            "elements": [],
            "isInner": false,
            "widgetType": "newsy_ad",
            "elType": "widget"
          }
        ],
        "isInner": false,
        "elType": "column"
      }
    ],
    "isInner": false,
    "elType": "section"
  },
  {
    "id": "569c4340",
    "settings": {
      "content_width": { "unit": "px", "size": 1180, "sizes": [] },
      "gap": "extended",
      "column_position": "top",
      "structure": "22"
    },
    "elements": [
      {
        "id": "259d2c59",
        "settings": { "_column_size": 66, "_inline_size": null },
        "elements": [
          {
            "id": "26a1853a",
            "settings": {
              "title": "Recent News from Games",
              "icon": "fa-share",
              "count": 6,
              "tabs": "order_filter",
              "tabs_order_by_filter": "latest,oldest,comment_count,share_count,popular",
              "tabs_all_text": "All"
            },
            "elements": [],
            "isInner": false,
            "widgetType": "newsy_list_1_large",
            "elType": "widget"
          },
          {
            "id": "4ac49abd",
            "settings": {
              "title": "Recent Reviews",
              "icon": "fa-bar-chart",
              "category": "%%ak-reviews%%",
              "count": 4,
              "pagination": "load_more",
              "tabs": "order_filter",
              "tabs_order_by_filter": "latest,random,voting_up,share_count,popular_week",
              "tabs_all_text": "All"
            },
            "elements": [],
            "isInner": false,
            "widgetType": "newsy_list_2_wide",
            "elType": "widget"
          }
        ],
        "isInner": false,
        "elType": "column"
      },
      {
        "id": "b54c061",
        "settings": { "_column_size": 33, "_inline_size": null },
        "elements": [
          {
            "id": "160262e",
            "settings": {
              "title": "Upcomig Games",
              "icon": "fa-bookmark",
              "offset": 4,
              "pagination": "next_prev",
              "tabs_all_text": "All"
            },
            "elements": [],
            "isInner": false,
            "widgetType": "newsy_block_2",
            "elType": "widget"
          },
          {
            "id": "1dd184a6",
            "settings": {
              "type": "image",
              "image": "%%ak-ad-350X300%%",
              "image_link": "#"
            },
            "elements": [],
            "isInner": false,
            "widgetType": "newsy_ad",
            "elType": "widget"
          },
          {
            "id": "48072c7a",
            "settings": {
              "title": "Popular This Week",
              "icon": "fa-star",
              "block_accent_color": "#8C0000",
              "count": 5,
              "order_by": "popular_week",
              "tabs_all_text": "All",
              "numeric_items_style": "style-4"
            },
            "elements": [],
            "isInner": false,
            "widgetType": "newsy_list_1_small",
            "elType": "widget"
          },
          {
            "id": "69f13c12",
            "settings": {
              "title": "Trending",
              "icon": "fa-level-up",
              "order_by": "random",
              "tabs_all_text": "All"
            },
            "elements": [],
            "isInner": false,
            "widgetType": "newsy_list_3",
            "elType": "widget"
          }
        ],
        "isInner": false,
        "elType": "column"
      }
    ],
    "isInner": false,
    "elType": "section"
  },
  {
    "id": "3b959ec3",
    "settings": {
      "content_width": { "unit": "px", "size": 1180, "sizes": [] },
      "height": "min-height",
      "column_position": "top",
      "padding": {
        "unit": "px",
        "top": "30",
        "right": "0",
        "bottom": "30",
        "left": "0",
        "isLinked": false
      },
      "css_classes": "dark"
    },
    "elements": [
      {
        "id": "5b2d4e29",
        "settings": { "_column_size": 100, "_inline_size": null },
        "elements": [
          {
            "id": "5b1826a7",
            "settings": {
              "title": "Video Reviews",
              "icon": "fa-youtube-play",
              "taxonomy": "post_format:post-format-video",
              "tabs_all_text": "All"
            },
            "elements": [],
            "isInner": false,
            "widgetType": "newsy_list_2",
            "elType": "widget"
          }
        ],
        "isInner": false,
        "elType": "column"
      }
    ],
    "isInner": false,
    "elType": "section"
  },
  {
    "id": "4b21048a",
    "settings": {
      "content_width": { "unit": "px", "size": 1180, "sizes": [] },
      "gap": "extended",
      "column_position": "top",
      "structure": "22"
    },
    "elements": [
      {
        "id": "2e82472",
        "settings": { "_column_size": 66, "_inline_size": null },
        "elements": [
          {
            "id": "5633c0fb",
            "settings": {
              "title": "Latest News",
              "icon": "fa-gamepad",
              "offset": 5,
              "tabs_all_text": "All"
            },
            "elements": [],
            "isInner": false,
            "widgetType": "newsy_block_13",
            "elType": "widget"
          },
          {
            "id": "2d693de",
            "settings": {
              "title": "Latest Reviews",
              "count": 8,
              "offset": 35,
              "tabs_all_text": "All"
            },
            "elements": [],
            "isInner": false,
            "widgetType": "newsy_list_2",
            "elType": "widget"
          },
          {
            "id": "5526b4e",
            "settings": {
              "title": "More Latest News",
              "icon": "fa-level-down",
              "count": 10,
              "offset": 15,
              "tabs_all_text": "All"
            },
            "elements": [],
            "isInner": false,
            "widgetType": "newsy_list_1_wide",
            "elType": "widget"
          }
        ],
        "isInner": false,
        "elType": "column"
      },
      {
        "id": "762498e2",
        "settings": {
          "_column_size": 33,
          "_inline_size": null,
          "align": "center"
        },
        "elements": [
          {
            "id": "6537fd25",
            "settings": {
              "type": "image",
              "image": "%%ak-ad-300X600%%",
              "image_link": "#"
            },
            "elements": [],
            "isInner": false,
            "widgetType": "newsy_ad",
            "elType": "widget"
          },
          {
            "id": "66879604",
            "settings": {
              "title": "Cars",
              "count": 5,
              "offset": 30,
              "tabs_all_text": "All"
            },
            "elements": [],
            "isInner": false,
            "widgetType": "newsy_list_2_wide",
            "elType": "widget"
          },
          {
            "id": "720c5a68",
            "settings": {
              "social_sites": "facebook,twitter,youtube,instagram",
              "style": "style-2",
              "color_style": "light-box",
              "title": "Connect With Us"
            },
            "elements": [],
            "isInner": false,
            "widgetType": "newsy_social_counter",
            "elType": "widget"
          }
        ],
        "isInner": false,
        "elType": "column"
      }
    ],
    "isInner": false,
    "elType": "section"
  }
]
