[
  {
    "id": "6ccf687b",
    "settings": {
      "content_width": { "unit": "px", "size": 1200, "sizes": [] },
      "margin": {
        "unit": "px",
        "top": "0",
        "right": 0,
        "bottom": "30",
        "left": 0,
        "isLinked": false
      }
    },
    "elements": [
      {
        "id": "3ed9c8e1",
        "settings": { "_column_size": 100, "_inline_size": null },
        "elements": [
          {
            "id": "7157e4b6",
            "settings": {
              "gradient": "tg-box tg-center",
              "nav_width": 100,
              "slider_count": 15,
              "slider_nav": "style-1",
              "post_type": "product",
              "taxonomy": "product_tag:best-seller",
              "custom_enabled": "yes",
              "custom_parts_-_show_category_type": "inline"
            },
            "elements": [],
            "isInner": false,
            "widgetType": "newsy_slider_5",
            "elType": "widget"
          }
        ],
        "isInner": false,
        "elType": "column"
      }
    ],
    "isInner": false,
    "elType": "section"
  },
  {
    "id": "7f688b",
    "settings": {
      "content_width": { "unit": "px", "size": 1200, "sizes": [] },
      "structure": "22",
      "margin": {
        "unit": "px",
        "top": "0",
        "right": 0,
        "bottom": "30",
        "left": 0,
        "isLinked": false
      }
    },
    "elements": [
      {
        "id": "729638ab",
        "settings": { "_column_size": 66, "_inline_size": null },
        "elements": [
          {
            "id": "ba002cd",
            "settings": {
              "title": "NEW",
              "subtitle": "HOODIES",
              "title_url": "/fashion",
              "title_url_text": "SEE ALL HOODIES",
              "header_style": "style-16",
              "post_type": "product",
              "taxonomy": "product_cat:fashion",
              "tabs_all_text": "All",
              "module_6_custom_enabled": "yes",
              "module_6_custom_parts_-_show_share_count": "hide",
              "module_6_custom_parts_-_show_view_count": "hide",
              "module_6_custom_parts_-_show_voting_count": "hide",
              "module_2_custom_enabled": "yes",
              "module_2_custom_parts_-_title_length": 45,
              "module_2_custom_parts_-_show_excerpt": "hide",
              "module_2_custom_parts_-_show_share_count": "hide",
              "module_2_custom_parts_-_show_view_count": "hide"
            },
            "elements": [],
            "isInner": false,
            "widgetType": "newsy_block_7",
            "elType": "widget"
          }
        ],
        "isInner": false,
        "elType": "column"
      },
      {
        "id": "29e185bc",
        "settings": { "_column_size": 33, "_inline_size": null },
        "elements": [
          {
            "id": "75d25fb9",
            "settings": {
              "title": "BEAUTY",
              "subtitle": "CARE",
              "header_style": "style-16",
              "post_type": "product",
              "taxonomy": "product_cat:health-personal-care",
              "tabs_all_text": "All",
              "custom_enabled": "yes",
              "custom_parts_-_show_excerpt": "hide",
              "custom_parts_-_show_date": "hide",
              "custom_parts_-_show_category": "hide"
            },
            "elements": [],
            "isInner": false,
            "widgetType": "newsy_list_1",
            "elType": "widget"
          },
          {
            "id": "49245564",
            "settings": {
              "style": "style-2",
              "color_style": "light-square",
              "title": "SOCIAL",
              "subtitle": "MEDIA",
              "header_style": "style-16"
            },
            "elements": [],
            "isInner": false,
            "widgetType": "newsy_social_counter",
            "elType": "widget"
          }
        ],
        "isInner": false,
        "elType": "column"
      }
    ],
    "isInner": false,
    "elType": "section"
  },
  {
    "id": "4d63dff1",
    "settings": {
      "content_width": { "unit": "px", "size": 1200, "sizes": [] },
      "margin": {
        "unit": "px",
        "top": "0",
        "right": 0,
        "bottom": "30",
        "left": 0,
        "isLinked": false
      }
    },
    "elements": [
      {
        "id": "511b8e47",
        "settings": { "_column_size": 100, "_inline_size": null },
        "elements": [
          {
            "id": "4988693c",
            "settings": {
              "gradient": "tg-colored tg-center tg-focus",
              "title": "LATEST",
              "subtitle": "BLOGS",
              "header_style": "style-17",
              "custom_enabled": "yes",
              "custom_parts_-_show_excerpt": "hide",
              "custom_parts_-_show_category": "hide"
            },
            "elements": [],
            "isInner": false,
            "widgetType": "newsy_slider_2",
            "elType": "widget"
          }
        ],
        "isInner": false,
        "elType": "column"
      }
    ],
    "isInner": false,
    "elType": "section"
  },
  {
    "id": "1a681ff7",
    "settings": {
      "content_width": { "unit": "px", "size": 1200, "sizes": [] },
      "margin": {
        "unit": "px",
        "top": "0",
        "right": 0,
        "bottom": "30",
        "left": 0,
        "isLinked": false
      },
      "padding": {
        "unit": "px",
        "top": "0",
        "right": "0",
        "bottom": "0",
        "left": "0",
        "isLinked": false
      }
    },
    "elements": [
      {
        "id": "698e9ab9",
        "settings": { "_column_size": 100, "_inline_size": null },
        "elements": [
          {
            "id": "4ab52fdb",
            "settings": {
              "title": "PRODUCT",
              "subtitle": "CATEGORIES",
              "header_style": "style-17"
            },
            "elements": [],
            "isInner": false,
            "widgetType": "newsy_block_header",
            "elType": "widget"
          },
          {
            "id": "16719c4",
            "settings": {
              "columns": 5,
              "number": 5,
              "source": "by_parent",
              "hide_empty": "yes",
              "orderby": "count"
            },
            "elements": [],
            "isInner": false,
            "widgetType": "wc-categories",
            "elType": "widget"
          }
        ],
        "isInner": false,
        "elType": "column"
      }
    ],
    "isInner": false,
    "elType": "section"
  },
  {
    "id": "4737e5a7",
    "settings": {
      "content_width": { "unit": "px", "size": 1200, "sizes": [] }
    },
    "elements": [
      {
        "id": "6af6db84",
        "settings": { "_column_size": 100, "_inline_size": null },
        "elements": [
          {
            "id": "56a2809e",
            "settings": {
              "title": "LATEST",
              "subtitle": "PRODUCTS",
              "header_style": "style-17",
              "count": 8,
              "post_type": "product",
              "pagination": "load_more",
              "tabs": "tax_filter",
              "tabs_tax_filter": "product_tag:456,product_tag:455,product_tag:457",
              "tabs_all_text": "All",
              "custom_enabled": "yes",
              "custom_parts_-_show_excerpt": "hide",
              "custom_parts_-_show_category": "hide",
              "block_width": "4"
            },
            "elements": [],
            "isInner": false,
            "widgetType": "newsy_list_2",
            "elType": "widget"
          }
        ],
        "isInner": false,
        "elType": "column"
      }
    ],
    "isInner": false,
    "elType": "section"
  }
]
