[
  {
    "id": "2266af32",
    "settings": {
      "content_width": { "unit": "px", "size": 1180, "sizes": [] },
      "margin": {
        "unit": "px",
        "top": "0",
        "right": 0,
        "bottom": "30",
        "left": 0,
        "isLinked": false
      }
    },
    "elements": [
      {
        "id": "268a7725",
        "settings": { "_column_size": 100, "_inline_size": null },
        "elements": [
          {
            "id": "7ec982e2",
            "settings": {
              "gradient": "tg-colored-single tg-focus",
              "category": "%%ak-featured%%"
            },
            "elements": [],
            "isInner": false,
            "widgetType": "newsy_grid_4",
            "elType": "widget"
          }
        ],
        "isInner": false,
        "elType": "column"
      }
    ],
    "isInner": false,
    "elType": "section"
  },
  {
    "id": "1194318",
    "settings": {
      "content_width": { "unit": "px", "size": 1180, "sizes": [] },
      "height": "min-height",
      "column_position": "top",
      "structure": "22"
    },
    "elements": [
      {
        "id": "6f897326",
        "settings": { "_column_size": 66, "_inline_size": null },
        "elements": [
          {
            "id": "2d4cc621",
            "settings": {
              "tabs_all_text": "All",
              "block_extra_classes": "ak-block-module-boxed",
              "item_margin": 15
            },
            "elements": [],
            "isInner": false,
            "widgetType": "newsy_list_1_medium",
            "elType": "widget"
          },
          {
            "id": "eb2b5e5",
            "settings": {
              "count": 1,
              "taxonomy": "post_format:post-format-video",
              "tabs_all_text": "All",
              "custom_enabled": "yes",
              "custom_parts_-_show_excerpt": "hide",
              "custom_parts_-_show_meta": "hide",
              "custom_parts_-_show_share_count": "hide",
              "custom_parts_-_show_date": "hide",
              "block_extra_classes": "ak-block-module-boxed"
            },
            "elements": [],
            "isInner": false,
            "widgetType": "newsy_list_8",
            "elType": "widget"
          },
          {
            "id": "6c5aa153",
            "settings": {
              "offset": 3,
              "tabs_all_text": "All",
              "block_extra_classes": "ak-block-module-boxed",
              "item_margin": 15
            },
            "elements": [],
            "isInner": false,
            "widgetType": "newsy_list_1_medium",
            "elType": "widget"
          },
          {
            "id": "7aea7516",
            "settings": {
              "count": 1,
              "offset": 1,
              "taxonomy": "post_format:post-format-video",
              "tabs_all_text": "All",
              "custom_enabled": "yes",
              "custom_parts_-_show_excerpt": "hide",
              "custom_parts_-_show_meta": "hide",
              "custom_parts_-_show_share_count": "hide",
              "custom_parts_-_show_date": "hide",
              "block_extra_classes": "ak-block-module-boxed"
            },
            "elements": [],
            "isInner": false,
            "widgetType": "newsy_list_8",
            "elType": "widget"
          },
          {
            "id": "2e0cbcb5",
            "settings": {
              "offset": 6,
              "tabs_all_text": "All",
              "block_extra_classes": "ak-block-module-boxed",
              "item_margin": 15
            },
            "elements": [],
            "isInner": false,
            "widgetType": "newsy_list_1_medium",
            "elType": "widget"
          },
          {
            "id": "26706f10",
            "settings": {
              "title": "Latest Videos",
              "header_style": "style-3",
              "header_line_color": "#333333",
              "header_title_bg_color": "#000000",
              "block_accent_color": "#333333",
              "count": 2,
              "taxonomy": "post_format:post-format-video",
              "tabs_all_text": "All",
              "block_extra_classes": "ak-block-inner-boxed"
            },
            "elements": [],
            "isInner": false,
            "widgetType": "newsy_list_2",
            "elType": "widget"
          },
          {
            "id": "bc87381",
            "settings": {
              "offset": 9,
              "tabs_all_text": "All",
              "block_extra_classes": "ak-block-module-boxed",
              "item_margin": 15
            },
            "elements": [],
            "isInner": false,
            "widgetType": "newsy_list_1_medium",
            "elType": "widget"
          },
          {
            "id": "412f3238",
            "settings": {
              "title": "Quizzes",
              "header_style": "style-3",
              "header_line_color": "#5EBC1A",
              "header_title_bg_color": "#5EBC1A",
              "block_accent_color": "#5EBC1A",
              "offset": 22,
              "tabs_all_text": "All",
              "block_extra_classes": "ak-block-inner-boxed"
            },
            "elements": [],
            "isInner": false,
            "widgetType": "newsy_block_1",
            "elType": "widget"
          },
          {
            "id": "20e87f49",
            "settings": {
              "offset": 28,
              "tabs_all_text": "All",
              "block_extra_classes": "ak-block-module-boxed",
              "item_margin": 15
            },
            "elements": [],
            "isInner": false,
            "widgetType": "newsy_list_1_medium",
            "elType": "widget"
          },
          {
            "id": "64873a1b",
            "settings": {
              "title": "Stily",
              "header_style": "style-3",
              "header_line_color": "#8224E3",
              "header_title_bg_color": "#8224E3",
              "block_accent_color": "#8224E3",
              "offset": 35,
              "tabs_all_text": "All",
              "block_extra_classes": "ak-block-inner-boxed"
            },
            "elements": [],
            "isInner": false,
            "widgetType": "newsy_block_5",
            "elType": "widget"
          },
          {
            "id": "3736ff6c",
            "settings": {
              "pagination": "infinity",
              "tabs_all_text": "All",
              "block_extra_classes": "ak-block-module-boxed",
              "item_margin": 15
            },
            "elements": [],
            "isInner": false,
            "widgetType": "newsy_list_12",
            "elType": "widget"
          }
        ],
        "isInner": false,
        "elType": "column"
      },
      {
        "id": "41e066ee",
        "settings": {
          "_column_size": 33,
          "_inline_size": null,
          "css_classes": "sticky-column",
          "hide_mobile": "hidden-mobile"
        },
        "elements": [
          {
            "id": "21287bde",
            "settings": {
              "title": "Latest News",
              "icon": "fa-newspaper-o",
              "pagination": "next_prev",
              "tabs": "order_filter",
              "tabs_order_by_filter": "latest,comment_count,voting_up,popular,popular_week",
              "tabs_all_text": "All",
              "block_extra_classes": "ak-block-inner-boxed"
            },
            "elements": [],
            "isInner": false,
            "widgetType": "newsy_block_1",
            "elType": "widget"
          },
          {
            "id": "561438bd",
            "settings": {
              "type": "image",
              "image": "%%ak-ad-350X300%%",
              "image_link": "#"
            },
            "elements": [],
            "isInner": false,
            "widgetType": "newsy_ad",
            "elType": "widget"
          },
          {
            "id": "52a08471",
            "settings": {
              "title": "Trending",
              "header_style": "style-3",
              "header_line_color": "#DD3333",
              "header_title_bg_color": "#DD3333",
              "block_accent_color": "#DD3333",
              "count": 7,
              "order_by": "popular_week",
              "tabs_all_text": "All",
              "custom_enabled": "yes",
              "custom_parts_-_show_excerpt": "hide",
              "custom_parts_-_show_author_icon": "hide",
              "custom_parts_-_show_author": "hide",
              "custom_parts_-_show_date": "hide",
              "custom_parts_-_show_category": "hide",
              "numeric_items_style": "style-4",
              "block_extra_classes": "ak-block-module-boxed",
              "item_margin": 15
            },
            "elements": [],
            "isInner": false,
            "widgetType": "newsy_list_2_wide",
            "elType": "widget"
          }
        ],
        "isInner": false,
        "elType": "column"
      }
    ],
    "isInner": false,
    "elType": "section"
  }
]
