[
  {
    "id": "597c035b",
    "settings": {
      "layout": "full_width",
      "gap": "no",
      "stretch_section": "section-stretched",
      "margin": {
        "unit": "px",
        "top": "-30",
        "right": 0,
        "bottom": "20",
        "left": 0,
        "isLinked": false
      }
    },
    "elements": [
      {
        "id": "167a1b04",
        "settings": { "_column_size": 100, "_inline_size": null },
        "elements": [
          {
            "id": "1e9d7185",
            "settings": {
              "block_accent_color": "#E23A8D",
              "slider_scroll_items": 8,
              "slider_item_margin": 1,
              "slider_stage_padding": 20
            },
            "elements": [],
            "isInner": false,
            "widgetType": "newsy_slider_1",
            "elType": "widget"
          }
        ],
        "isInner": false,
        "elType": "column"
      }
    ],
    "isInner": false,
    "elType": "section"
  },
  {
    "id": "3e4e58",
    "settings": {
      "structure": "22",
      "height": "min-height",
      "column_position": "top"
    },
    "elements": [
      {
        "id": "1b2182c5",
        "settings": { "_column_size": 66, "_inline_size": null },
        "elements": [
          {
            "id": "1bcf140a",
            "settings": {
              "tabs_all_text": "All",
              "block_extra_classes": "ak-block-module-inner-boxed",
              "item_margin": 10
            },
            "elements": [],
            "isInner": false,
            "widgetType": "newsy_list_11",
            "elType": "widget"
          },
          {
            "id": "4c2625b1",
            "settings": {
              "title": "The best of",
              "header_style": "style-2",
              "header_line_color": "#6645DD",
              "header_title_color": "#6645DD",
              "offset": 10,
              "tabs_all_text": "All",
              "block_extra_classes": "ak-block-boxed"
            },
            "elements": [],
            "isInner": false,
            "widgetType": "newsy_block_1",
            "elType": "widget"
          },
          {
            "id": "17b47e5f",
            "settings": {
              "offset": 16,
              "tabs_all_text": "All",
              "block_extra_classes": "ak-block-module-inner-boxed",
              "item_margin": 10
            },
            "elements": [],
            "isInner": false,
            "widgetType": "newsy_list_1_medium",
            "elType": "widget"
          },
          {
            "id": "418b7159",
            "settings": {
              "title": "Stily",
              "header_style": "style-2",
              "offset": 24,
              "tabs_all_text": "All",
              "module_2_custom_enabled": "yes",
              "block_extra_classes": "ak-block-boxed"
            },
            "elements": [],
            "isInner": false,
            "widgetType": "newsy_block_5",
            "elType": "widget"
          },
          {
            "id": "3d6626f0",
            "settings": {
              "count": 6,
              "offset": 29,
              "pagination": "infinity",
              "tabs_all_text": "All",
              "block_extra_classes": "ak-block-module-inner-boxed",
              "item_margin": 10
            },
            "elements": [],
            "isInner": false,
            "widgetType": "newsy_list_12",
            "elType": "widget"
          }
        ],
        "isInner": false,
        "elType": "column"
      },
      {
        "id": "8f6a3f8",
        "settings": {
          "_column_size": 33,
          "_inline_size": null,
          "hide_tablet": "hidden-tablet",
          "hide_mobile": "hidden-mobile",
          "css_classes": "sticky-column"
        },
        "elements": [
          {
            "id": "46e0f461",
            "settings": {
              "title": "Keep up with the NewsyFeed daily email!",
              "mailchimp_url": "https://akbilisim.us16.list-manage.com/subscribe/post?u=5472afed7f687968b03e85a2c&id=e558fd5037",
              "input_alt": "You can unsubscribe at any time",
              "style": "style-4",
              "form_layout": "Horizontal",
              "color": "#EE3320"
            },
            "elements": [],
            "isInner": false,
            "widgetType": "newsy_mailchimp",
            "elType": "widget"
          },
          {
            "id": "4f728063",
            "settings": {
              "title": "Latest Videos",
              "icon": "fa-play",
              "header_style": "style-2",
              "header_line_color": "#0F65EF",
              "header_title_color": "#0F65EF",
              "block_accent_color": "#0F65EF",
              "taxonomy": "post_format:post-format-video",
              "pagination": "next_prev",
              "tabs_all_text": "All",
              "block_extra_classes": "ak-block-boxed"
            },
            "elements": [],
            "isInner": false,
            "widgetType": "newsy_block_1",
            "elType": "widget"
          },
          {
            "id": "2da8156e",
            "settings": {
              "type": "image",
              "image": "%%ak-ad-350X300%%",
              "image_link": "#"
            },
            "elements": [],
            "isInner": false,
            "widgetType": "newsy_ad",
            "elType": "widget"
          },
          {
            "id": "b336661",
            "settings": {
              "title": "Trending Now",
              "icon": "akfi-rocket",
              "header_style": "style-2",
              "header_line_color": "#F43192",
              "header_title_color": "#F43192",
              "block_accent_color": "#F43192",
              "count": 10,
              "order_by": "popular_week",
              "tabs_all_text": "All",
              "custom_enabled": "yes",
              "custom_parts_-_show_excerpt": "hide",
              "custom_parts_-_show_author_icon": "hide",
              "custom_parts_-_show_author": "hide",
              "custom_parts_-_show_date": "hide",
              "custom_parts_-_show_category": "hide",
              "numeric_items_style": "style-4",
              "block_extra_classes": "ak-block-boxed"
            },
            "elements": [],
            "isInner": false,
            "widgetType": "newsy_list_2_wide",
            "elType": "widget"
          }
        ],
        "isInner": false,
        "elType": "column"
      }
    ],
    "isInner": false,
    "elType": "section"
  }
]
